{"r": [[0.0, 0.0, 0.0, 0.0, 0.0, 0.0, 0.0], [0.2428358495235443, 0.29411113262176514, 0.1947070062160492, 0.10461977869272232, -0.001666822237893939, 0.0805492252111435, 0.015101323835551739], [0.10701003670692444, 0.21469733119010925, 0.12314299494028091, 0.19963660836219788, 0.11440963298082352, 0.16992443799972534, 0.04596686735749245], [0.1389094591140747, 0.3217306435108185, 0.1667303442955017, 0.23589850962162018, 0.19262535870075226, 0.19998615980148315, 0.14498744904994965], [0.17301815748214722, 0.31682372093200684, 0.18439346551895142, 0.28209665417671204, 0.22089053690433502, 0.2544776499271393, 0.1737065464258194], [0.1704946607351303, 0.314001202583313, 0.1895923763513565, 0.2922836244106293, 0.2426416575908661, 0.27418917417526245, 0.201071634888649], [0.18703317642211914, 0.30910778045654297, 0.18962697684764862, 0.296563982963562, 0.25327813625335693, 0.2794421315193176, 0.22470657527446747], [0.1905229687690735, 0.30400124192237854, 0.1875097006559372, 0.30027416348457336, 0.2605399191379547, 0.2845064699649811, 0.23891262710094452], [0.18228210508823395, 0.2975882589817047, 0.19325314462184906, 0.2992841601371765, 0.2669176161289215, 0.2885262072086334, 0.24998556077480316], [0.17726874351501465, 0.2906820774078369, 0.2053491622209549, 0.2997574508190155, 0.2719194293022156, 0.2917616367340088, 0.26067090034484863], [0.17300137877464294, 0.28357067704200745, 0.2167019546031952, 0.2998580038547516, 0.27608799934387207, 0.2941899001598358, 0.26944616436958313], [0.16909447312355042, 0.2750411629676819, 0.22738470137119293, 0.29988715052604675, 0.28015679121017456, 0.2957339286804199, 0.2769853174686432], [0.16551633179187775, 0.26550212502479553, 0.2364078313112259, 0.30049851536750793, 0.2824171185493469, 0.2969740927219391, 0.2829510271549225], [0.16168095171451569, 0.2574966549873352, 0.24279463291168213, 0.3008355498313904, 0.2836672067642212, 0.2974456548690796, 0.2886141240596771], [0.15829691290855408, 0.24992524087429047, 0.2458304613828659, 0.3005204200744629, 0.2844432294368744, 0.29766926169395447, 0.2915234863758087], [0.15477026998996735, 0.24576051533222198, 0.24819806218147278, 0.3005164563655853, 0.28506988286972046, 0.2975703477859497, 0.2933724820613861], [0.15004900097846985, 0.24541904032230377, 0.24889181554317474, 0.30052971839904785, 0.28589004278182983, 0.2979288399219513, 0.29377830028533936]], "phi": [[0.0, 0.0, 0.0, 0.0, 0.0, 0.0, 0.0], [-0.18085290491580963, -0.13761988282203674, 0.35096269845962524, -0.03575208783149719, 0.07736624032258987, -0.1788354516029358, -0.03349009156227112], [-0.3412345051765442, -0.36409953236579895, 0.48165276646614075, -0.074156254529953, -0.06492029875516891, -0.09373332560062408, -0.0038105472922325134], [-0.4971996545791626, -0.5106335878372192, 0.5430977940559387, -0.08762120455503464, -0.16417710483074188, -0.06578094512224197, 0.1717827469110489], [-0.5613493919372559, -0.5898867845535278, 0.532729983329773, -0.023773012682795525, -0.2000737339258194, -0.04757354408502579, 0.20664842426776886], [-0.6927398443222046, -0.6121881008148193, 0.5125685334205627, 0.0056062983348965645, -0.22123165428638458, -0.06660772860050201, 0.23702818155288696], [-0.7298093438148499, -0.6154024600982666, 0.5169978141784668, 0.013469187542796135, -0.20384591817855835, -0.0594978965818882, 0.2611265778541565], [-0.7445102334022522, -0.6118061542510986, 0.5431354641914368, 0.014927187003195286, -0.18154841661453247, -0.05447350814938545, 0.24882115423679352], [-0.7329574227333069, -0.6108426451683044, 0.5527644753456116, 0.01381036825478077, -0.166791632771492, -0.05297445133328438, 0.22147031128406525], [-0.7344605922698975, -0.6095821857452393, 0.5347039699554443, 0.013186316937208176, -0.15908975899219513, -0.050618596374988556, 0.1961546391248703], [-0.7360716462135315, -0.6116933822631836, 0.5102600455284119, 0.014395201578736305, -0.15784142911434174, -0.049603965133428574, 0.17984633147716522], [-0.7396276593208313, -0.6138426661491394, 0.4898163676261902, 0.012544579803943634, -0.1536598801612854, -0.047905538231134415, 0.16563117504119873], [-0.7446405291557312, -0.6173818707466125, 0.4762965738773346, 0.009152969345450401, -0.15400883555412292, -0.046304550021886826, 0.15985016524791718], [-0.7482262849807739, -0.6189761757850647, 0.47104117274284363, 0.010293654166162014, -0.15294331312179565, -0.04602719098329544, 0.15555340051651], [-0.7529865503311157, -0.6206977367401123, 0.47134917974472046, 0.008923678658902645, -0.1514795422554016, -0.04398123547434807, 0.1524539738893509], [-0.758413553237915, -0.6195002794265747, 0.4712045192718506, 0.007762881461530924, -0.14780884981155396, -0.04291682317852974, 0.15110445022583008], [-0.7625294923782349, -0.6157712340354919, 0.467349648475647, 0.008072792552411556, -0.14642640948295593, -0.04138118401169777, 0.14853940904140472]], "theta": [[0.0, 0.0, 0.0, 0.0, 0.0, 0.0, 0.0], [-0.26548632979393005, -0.32954105734825134, 0.25907444953918457, 0.005832267459481955, -0.09159979969263077, -0.15588653087615967, -0.016573108732700348], [-0.14942029118537903, -0.2082643061876297, 0.1853264719247818, -0.015734434127807617, -0.15867283940315247, -0.09362370520830154, 0.004498143680393696], [-0.10932311415672302, -0.14055512845516205, 0.206499844789505, 0.005736169870942831, -0.2439824342727661, -0.0781790092587471, 0.16313356161117554], [-0.1411334127187729, -0.1954684555530548, 0.21525472402572632, 0.07108844071626663, -0.27425500750541687, -0.11994445323944092, 0.19287879765033722], [-0.2957945466041565, -0.19429677724838257, 0.23692570626735687, 0.09386167675256729, -0.27807238698005676, -0.11856063455343246, 0.22015556693077087], [-0.32271814346313477, -0.1910332441329956, 0.26284247636795044, 0.0972362756729126, -0.25408539175987244, -0.10358233749866486, 0.2394455373287201], [-0.34346452355384827, -0.18605230748653412, 0.28886255621910095, 0.09574777632951736, -0.22932422161102295, -0.09360157698392868, 0.20707620680332184], [-0.35391783714294434, -0.18516796827316284, 0.29995110630989075, 0.09362450987100601, -0.21051177382469177, -0.08813204616308212, 0.18106134235858917], [-0.36006850004196167, -0.18402792513370514, 0.2808219790458679, 0.09074816852807999, -0.1982395499944687, -0.08454135060310364, 0.15291297435760498], [-0.3687075078487396, -0.1857428252696991, 0.25594714283943176, 0.08953207731246948, -0.19152672588825226, -0.0819980576634407, 0.13022926449775696], [-0.376738965511322, -0.18851478397846222, 0.23864518105983734, 0.08585905283689499, -0.18398866057395935, -0.07878807187080383, 0.10904010385274887], [-0.383563756942749, -0.19411127269268036, 0.22363172471523285, 0.08258271962404251, -0.1812153309583664, -0.07593334466218948, 0.09507104009389877], [-0.3914710283279419, -0.19689074158668518, 0.21703855693340302, 0.08145506680011749, -0.1763947457075119, -0.07413949072360992, 0.08434271812438965], [-0.39872369170188904, -0.19961082935333252, 0.21502608060836792, 0.07938633859157562, -0.1719605028629303, -0.071463443338871, 0.07957767695188522], [-0.40655478835105896, -0.1976986825466156, 0.21232189238071442, 0.07651644200086594, -0.16703693568706512, -0.0693407878279686, 0.07439213991165161], [-0.41614460945129395, -0.19353288412094116, 0.2086751013994217, 0.0744248554110527, -0.16281166672706604, -0.06589055806398392, 0.06842193007469177]],