{"r": [[0.0, 0.0, 0.0, 0.0, 0.0, 0.0, 0.0], [0.27329254150390625, 0.16007091104984283, 0.06194663047790527, 0.05217697471380234, 0.03042086400091648, 0.0428331084549427, 0.030386073514819145], [0.09277019649744034, 0.059443723410367966, 0.08146198093891144, 0.08307034522294998, 0.06882106512784958, 0.08373811095952988, 0.10012152045965195], [0.12563252449035645, 0.07972392439842224, 0.11641404777765274, 0.11343175917863846, 0.10307938605546951, 0.1165580153465271, 0.12043967843055725], [0.1578189879655838, 0.10924442112445831, 0.14926542341709137, 0.13621529936790466, 0.13004128634929657, 0.12010754644870758, 0.12579254806041718], [0.15912790596485138, 0.11806558072566986, 0.17224158346652985, 0.1440005749464035, 0.15013918280601501, 0.12481257319450378, 0.13219062983989716], [0.15722598135471344, 0.11895593255758286, 0.17291654646396637, 0.14835520088672638, 0.16227345168590546, 0.13117504119873047, 0.13801740109920502], [0.15490387380123138, 0.11949294805526733, 0.1735190898180008, 0.15059110522270203, 0.16863852739334106, 0.13734783232212067, 0.143107607960701], [0.15358632802963257, 0.1204717606306076, 0.17436133325099945, 0.15073752403259277, 0.17149221897125244, 0.14482448995113373, 0.1465173065662384], [0.1531439870595932, 0.1212085708975792, 0.17516428232192993, 0.1499171108007431, 0.1708158254623413, 0.14993660151958466, 0.14969289302825928], [0.15301477909088135, 0.12236709892749786, 0.17587845027446747, 0.14844432473182678, 0.16990599036216736, 0.1526351422071457, 0.15151457488536835], [0.15316690504550934, 0.12384860217571259, 0.17644691467285156, 0.14658088982105255, 0.17005440592765808, 0.15527532994747162, 0.1528317779302597], [0.1537531465291977, 0.1250515878200531, 0.17693519592285156, 0.1450280100107193, 0.17013861238956451, 0.1564842313528061, 0.15439333021640778]], "phi": [[0.0, 0.0, 0.0, 0.0, 0.0, 0.0, 0.0], [-0.13333413004875183, -0.29014480113983154, 0.0368514209985733, -0.1350366324186325, -0.006693833973258734, -0.007978961803019047, -0.001009514438919723], [-0.2767193019390106, -0.3961593210697174, 0.01641177572309971, -0.10140153020620346, -0.08404812216758728, -0.012102605774998665, -0.09019224345684052], [-0.40652352571487427, -0.47520187497138977, -0.0015777586959302425, -0.06738800555467606, -0.13389834761619568, -0.03440430760383606, -0.11306950449943542], [-0.4823829233646393, -0.5097379684448242, -0.05141938105225563, -0.02162683941423893, -0.18495412170886993, -0.039096444845199585, -0.10878857970237732], [-0.5035375356674194, -0.521539568901062, -0.07722417265176773, 0.04125380143523216, -0.1966594159603119, -0.03775333985686302, -0.10248402506113052], [-0.5153868198394775, -0.5183154344558716, -0.08580787479877472, 0.10839509963989258, -0.20101264119148254, -0.036292605102062225, -0.09873096644878387], [-0.5171051621437073, -0.5171777009963989, -0.08971404284238815, 0.1982414722442627, -0.197777658700943, -0.030223121866583824, -0.09458398073911667], [-0.5153322219848633, -0.51249760389328, -0.11091528087854385, 0.2554163336753845, -0.2008397877216339, -0.0307991411536932, -0.09204767644405365], [-0.5137808918952942, -0.5080440640449524, -0.10890420526266098, 0.2761310040950775, -0.2069374918937683, -0.03225657343864441, -0.09040641784667969], [-0.5112341642379761, -0.5056962966918945, -0.11100345849990845, 0.28380581736564636, -0.2081465870141983, -0.02957201935350895, -0.0890258401632309], [-0.5093209147453308, -0.5042755603790283, -0.11159626394510269, 0.2841949760913849, -0.21466675400733948, -0.030752206221222878, -0.08858785778284073], [-0.5064296126365662, -0.5028494000434875, -0.10789692401885986, 0.28793564438819885, -0.21721693873405457, -0.02940663881599903, -0.08744410425424576]], "theta": [[0.0, 0.0, 0.0, 0.0, 0.0, 0.0, 0.0], [-0.2931279242038727, -0.3159399628639221, -0.004089013673365116, 0.18423087894916534, -0.005811934359371662, -0.005442507565021515, -0.0037131246645003557], [-0.10913314670324326, -0.2237246185541153, -0.025826234370470047, 0.22405070066452026, -0.060301318764686584, -0.017529897391796112, -0.08217258006334305], [-0.10494722425937653, -0.3214174807071686, -0.013914202339947224, 0.25784027576446533, -0.09522313624620438, -0.030280830338597298, -0.09974930435419083], [-0.13807348906993866, -0.34879323840141296, -0.046760089695453644, 0.29108697175979614, -0.11695115268230438, -0.03263325244188309, -0.08436570316553116], [-0.13680081069469452, -0.35389429330825806, -0.0674939900636673, 0.32296472787857056, -0.12827904522418976, -0.03095460869371891, -0.07030349969863892], [-0.13723956048488617, -0.34827855229377747, -0.07311156392097473, 0.3508577048778534, -0.13540337979793549, -0.028349189087748528, -0.061875563114881516], [-0.13395822048187256, -0.3429535925388336, -0.07297401875257492, 0.3745816648006439, -0.13667938113212585, -0.023928407579660416, -0.05329033359885216], [-0.12843318283557892, -0.3364958167076111, -0.0808209776878357, 0.3961532413959503, -0.13725042343139648, -0.02162725105881691, -0.04862361028790474], [-0.12301354110240936, -0.3294428586959839, -0.07997465878725052, 0.4166564643383026, -0.1355724185705185, -0.020487220957875252, -0.04450083151459694], [-0.11783236265182495, -0.32352256774902344, -0.08110962808132172, 0.43245214223861694, -0.13267813622951508, -0.016851244494318962, -0.04166329652070999], [-0.11266269534826279, -0.31356993317604065, -0.08045089244842529, 0.44540420174598694, -0.1360105276107788, -0.014911570586264133, -0.03873581066727638], [-0.10615329444408417, -0.3070867657661438, -0.07422277331352234, 0.4593486487865448, -0.13752871751785278, -0.013101317919790745, -0.03551999852061272]], "s": [[0.0, 0.0, 0.0, 0.0, 0.0, 0.0, 0.0], [-0.5735354423522949, -0.3866409957408905, 0.02328665368258953, 0.1305464208126068, -0.004188080783933401, -0.0028893016278743744, -0.002227799268439412], [-0.37939468026161194, -0.2780180275440216, 0.007949842140078545, 0.1658283919095993, -0.0484796017408371, -0.01270397286862135, -0.03523629158735275], [-0.27139195799827576, -0.21512867510318756, -0.008883781731128693, 0.19738899171352386, -0.06667929887771606, -0.01310036052018404, -0.027975626289844513], [-0.19957366585731506, -0.18254655599594116, -0.02464950829744339, 0.21337082982063293, -0.06714745610952377, -0.009457861073315144, -0.028854690492153168], [-0.1794104278087616, -0.17140509188175201, -0.035916056483983994, 0.20912322402000427, -0.06927015632390976, -0.009804243221879005, -0.0298203993588686], [-0.16933587193489075, -0.17151570320129395, -0.03492767736315727, 0.20588846504688263, -0.0721084475517273, -0.010145125910639763, -0.029944969341158867], [-0.16709789633750916, -0.17028675973415375, -0.03377855569124222, 0.20652467012405396, -0.07565847784280777, -0.012977148406207561, -0.030636699870228767], [-0.16680796444416046, -0.1697847545146942, -0.03212844207882881, 0.2077380269765854, -0.07515008002519608, -0.012224778532981873, -0.030668584629893303], [-0.16631440818309784, -0.16925843060016632, -0.033462394028902054, 0.20863570272922516, -0.07178465276956558, -0.010600153356790543, -0.030433813109993935], [-0.16550256311893463, -0.16855336725711823, -0.03363911062479019, 0.20916423201560974, -0.07057176530361176, -0.011168134398758411, -0.030364466831088066], [-0.16483193635940552, -0.16831274330615997, -0.03408925607800484, 0.20968958735466003, -0.06866958737373352, -0.009672685526311398, -0.029953287914395332], [-0.16407549381256104, -0.1667289435863495, -0.03606000915169716, 0.20999309420585632, -0.06851247698068619, -0.00968767050653696, -0.02955789491534233]],