{"r": [[0.0, 0.0, 0.0, 0.0, 0.0, 0.0, 0.0], [0.24596574902534485, 0.358046293258667, 0.2226909101009369, 0.14000281691551208, 0.06154336780309677, 0.08853776752948761, 0.020262764766812325], [0.12914817035198212, 0.2745605409145355, 0.16663630306720734, 0.2136593461036682, 0.1456625610589981, 0.177994504570961, 0.05119216442108154], [0.11988504230976105, 0.27047300338745117, 0.18230944871902466, 0.2441725879907608, 0.2414907068014145, 0.20916646718978882, 0.1628202348947525], [0.19063976407051086, 0.3294695019721985, 0.1784692108631134, 0.2810605466365814, 0.2705457806587219, 0.2882348597049713, 0.231248676776886], [0.19047270715236664, 0.32913774251937866, 0.1738709956407547, 0.29428398609161377, 0.29733607172966003, 0.3327886462211609, 0.25759604573249817], [0.19302533566951752, 0.327039897441864, 0.17272110283374786, 0.29744774103164673, 0.3163917660713196, 0.3578580319881439, 0.27896931767463684], [0.19547481834888458, 0.3219958245754242, 0.1681365668773651, 0.30399569869041443, 0.32823893427848816, 0.3710784316062927, 0.29572853446006775], [0.19362406432628632, 0.3140259385108948, 0.16637244820594788, 0.3087763488292694, 0.33898255228996277, 0.3763229548931122, 0.3137443959712982], [0.1893155723810196, 0.3064793348312378, 0.1663854867219925, 0.313942551612854, 0.34853020310401917, 0.3820516765117645, 0.3302886486053467], [0.18551823496818542, 0.2981581687927246, 0.17018450796604156, 0.31547456979751587, 0.3579972982406616, 0.3873988687992096, 0.3449643850326538], [0.18055084347724915, 0.2900359630584717, 0.16847637295722961, 0.31790369749069214, 0.36498111486434937, 0.39237019419670105, 0.3576369285583496], [0.17601121962070465, 0.2803875505924225, 0.16581034660339355, 0.32059335708618164, 0.3722541332244873, 0.39640557765960693, 0.36646324396133423], [0.16776026785373688, 0.2695947289466858, 0.1618485450744629, 0.32199254631996155, 0.3794216215610504, 0.40011125802993774, 0.37585926055908203], [0.16135573387145996, 0.2570149898529053, 0.15636283159255981, 0.3238688111305237, 0.38326331973075867, 0.40309521555900574, 0.38252198696136475], [0.1545286327600479, 0.24787166714668274, 0.1525574028491974, 0.3248348534107208, 0.3856775462627411, 0.4048255681991577, 0.3873443305492401], [0.14453178644180298, 0.24210336804389954, 0.14881722629070282, 0.32595911622047424, 0.38701552152633667, 0.4056819677352905, 0.39084377884864807]], "phi": [[0.0, 0.0, 0.0, 0.0, 0.0, 0.0, 0.0], [-0.17001795768737793, -0.030422432348132133, 0.3050857186317444, 0.2661469578742981, 0.009289252571761608, -0.18742267787456512, -0.04654868319630623], [-0.3004356026649475, -0.2275480031967163, 0.311375230550766, 0.29711875319480896, -0.051618143916130066, -0.10367819666862488, -0.016138048842549324], [-0.42262381315231323, -0.37487879395484924, 0.39176857471466064, 0.3017939329147339, -0.15227961540222168, -0.0749320387840271, 0.15863631665706635], [-0.4903152287006378, -0.4761163890361786, 0.42002901434898376, 0.35012832283973694, -0.18229441344738007, -0.0281146802008152, 0.2525283098220825], [-0.5083351731300354, -0.5131190419197083, 0.43622535467147827, 0.36476969718933105, -0.21282999217510223, -0.07784727215766907, 0.2857585549354553], [-0.4975452721118927, -0.5078642964363098, 0.4354248642921448, 0.37098613381385803, -0.23560795187950134, -0.10177765786647797, 0.31219080090522766], [-0.47929811477661133, -0.49331018328666687, 0.4404182732105255, 0.37272876501083374, -0.22399798035621643, -0.09758628904819489, 0.3010201156139374], [-0.48183536529541016, -0.47954609990119934, 0.43954357504844666, 0.37153077125549316, -0.20423051714897156, -0.08960932493209839, 0.2755047380924225], [-0.49747803807258606, -0.46863803267478943, 0.43143531680107117, 0.3724268972873688, -0.18765553832054138, -0.08672883361577988, 0.2483086735010147], [-0.4980197250843048, -0.45732560753822327, 0.4151301681995392, 0.37540149688720703, -0.1758190542459488, -0.08325517177581787, 0.22295214235782623], [-0.47179731726646423, -0.44780871272087097, 0.39666005969047546, 0.3768572211265564, -0.16735082864761353, -0.07996205240488052, 0.2037450224161148], [-0.4484560191631317, -0.44093194603919983, 0.3848504424095154, 0.37617483735084534, -0.16298869252204895, -0.07826070487499237, 0.1924559772014618], [-0.43445855379104614, -0.4360118806362152, 0.37631019949913025, 0.37716352939605713, -0.1602335423231125, -0.07702629268169403, 0.18559233844280243], [-0.4269321858882904, -0.431705504655838, 0.3695376217365265, 0.3782721757888794, -0.159855455160141, -0.07684075087308884, 0.18006332218647003], [-0.4196723401546478, -0.4267091155052185, 0.36476942896842957, 0.375911146402359, -0.1584959328174591, -0.07552361488342285, 0.17769470810890198], [-0.4098937511444092, -0.426433265209198, 0.3596589267253876, 0.3731359839439392, -0.1566200852394104, -0.07454854995012283, 0.17581771314144135]], "theta": [[0.0, 0.0, 0.0, 0.0, 0.0, 0.0, 0.0], [-0.2648186683654785, -0.30937668681144714, 0.3034767806529999, 0.13623449206352234, -0.034254662692546844, -0.10505689680576324, -0.01501145027577877], [-0.14789193868637085, -0.21679049730300903, 0.26344943046569824, 0.2094694972038269, -0.08372779190540314, -0.040550779551267624, 0.006329101510345936], [-0.21077577769756317, -0.3338077962398529, 0.38516438007354736, 0.23965515196323395, -0.20123454928398132, -0.015317684039473534, 0.1879928559064865], [-0.2950921952724457, -0.4202440083026886, 0.4176267087459564, 0.275538831949234, -0.23050490021705627, -0.043100547045469284, 0.2621687650680542], [-0.3319511115550995, -0.40995529294013977, 0.4498523473739624, 0.27949658036231995, -0.25702500343322754, -0.08636703342199326, 0.28931725025177], [-0.36531007289886475, -0.39574262499809265, 0.48010459542274475, 0.2728780508041382, -0.27161410450935364, -0.1005871593952179, 0.30896931886672974], [-0.39748138189315796, -0.38493359088897705, 0.5081669688224792, 0.2660053074359894, -0.2505270540714264, -0.08543482422828674, 0.2838502526283264], [-0.4284690022468567, -0.3817233145236969, 0.5322738289833069, 0.25911960005760193, -0.22668352723121643, -0.07513638585805893, 0.25462278723716736], [-0.45835283398628235, -0.3761129677295685, 0.5461018085479736, 0.25662899017333984, -0.20604832470417023, -0.06772393733263016, 0.22490806877613068], [-0.48641449213027954, -0.37441301345825195, 0.5431306958198547, 0.25576889514923096, -0.18699239194393158, -0.05982750654220581, 0.19771742820739746], [-0.5083343982696533, -0.37571483850479126, 0.5347606539726257, 0.252739816904068, -0.17482426762580872, -0.05472835898399353, 0.17207631468772888], [-0.5051185488700867, -0.37913772463798523, 0.5323790907859802, 0.2495337575674057, -0.16568049788475037, -0.05144898593425751, 0.15523767471313477], [-0.5113666653633118, -0.38487938046455383, 0.5351202487945557, 0.2486286759376526, -0.15828745067119598, -0.04840545728802681, 0.13602547347545624], [-0.5187680721282959, -0.3937250077724457, 0.540596604347229, 0.24557387828826904, -0.1516283005475998, -0.046727292239665985, 0.12277411669492722], [-0.5272576212882996, -0.4016215205192566, 0.5446324348449707, 0.24312271177768707, -0.14880701899528503, -0.044845715165138245, 0.11460752040147781], [-0.5381990075111389, -0.40887007117271423, 0.5491818189620972, 0.24022474884986877, -0.14569619297981262, -0.04316381737589836, 0.10829133540391922]],