{"r": [[0.0, 0.0, 0.0, 0.0, 0.0, 0.0, 0.0], [0.29275214672088623, 0.1841975599527359, 0.06981001794338226, -0.018690548837184906, 0.0276971273124218, 0.06893656402826309, 0.03062707558274269], [0.11211168020963669, 0.06337614357471466, 0.09983868896961212, 0.008039354346692562, 0.07749662548303604, 0.10150078684091568, 0.10792367905378342], [0.11286178231239319, 0.07716219127178192, 0.13260133564472198, 0.03460129350423813, 0.11841288954019547, 0.1387680321931839, 0.1422090083360672], [0.14973807334899902, 0.09818478673696518, 0.15889447927474976, 0.06497006863355637, 0.1497284322977066, 0.16210012137889862, 0.15169815719127655], [0.1680687665939331, 0.11342041939496994, 0.17488113045692444, 0.0972660556435585, 0.17264458537101746, 0.16989918053150177, 0.16008788347244263], [0.1692725121974945, 0.1232934296131134, 0.1913185715675354, 0.1286168396472931, 0.18938642740249634, 0.17783679068088531, 0.1669498234987259], [0.17009282112121582, 0.13047675788402557, 0.1977430135011673, 0.1612975150346756, 0.19869233667850494, 0.1844254732131958, 0.1739114373922348], [0.17080841958522797, 0.13422055542469025, 0.20257195830345154, 0.1931215077638626, 0.20301437377929688, 0.18970389664173126, 0.17950645089149475], [0.171723410487175, 0.1360519826412201, 0.2057245373725891, 0.2220696061849594, 0.20495463907718658, 0.1943066269159317, 0.18467852473258972], [0.17271769046783447, 0.13756440579891205, 0.2071312665939331, 0.23896686732769012, 0.205523282289505, 0.19785621762275696, 0.1893191933631897], [0.1736641824245453, 0.13850045204162598, 0.20748305320739746, 0.2459784299135208, 0.20578287541866302, 0.20009243488311768, 0.19310912489891052], [0.17533937096595764, 0.13884836435317993, 0.20804458856582642, 0.24772582948207855, 0.20513367652893066, 0.2005208432674408, 0.1955774873495102]], "phi": [[0.0, 0.0, 0.0, 0.0, 0.0, 0.0, 0.0], [-0.11034088581800461, -0.25275906920433044, -0.0958322286605835, -0.06920197606086731, -0.013804089277982712, -0.005399668123573065, -0.020098550245165825], [-0.19416214525699615, -0.44829311966896057, -0.09581425786018372, -0.04949323087930679, -0.10687091946601868, -0.01234413031488657, -0.14584368467330933], [-0.3099755346775055, -0.5258869528770447, -0.12817904353141785, -0.060692593455314636, -0.17809297144412994, -0.04390144348144531, -0.19006846845149994], [-0.4053679406642914, -0.5525274872779846, -0.19672998785972595, 0.0013481350615620613, -0.2153911143541336, -0.0627233162522316, -0.20162513852119446], [-0.4300808012485504, -0.5812564492225647, -0.23471549153327942, 0.036261603236198425, -0.23298105597496033, -0.059061143547296524, -0.1915777623653412], [-0.43338045477867126, -0.5781598687171936, -0.24685026705265045, 0.05863057076931, -0.2522761821746826, -0.0540749728679657, -0.17624208331108093], [-0.43237608671188354, -0.5558705925941467, -0.2600271999835968, 0.08795355260372162, -0.25187256932258606, -0.05008048191666603, -0.16284659504890442], [-0.43041354417800903, -0.5427517890930176, -0.26101264357566833, 0.12395599484443665, -0.25241056084632874, -0.04474924877285957, -0.15309685468673706], [-0.42786428332328796, -0.5373850464820862, -0.2633987367153168, 0.17462576925754547, -0.26173776388168335, -0.04759453609585762, -0.14563843607902527], [-0.42469507455825806, -0.5381196141242981, -0.26876044273376465, 0.22543199360370636, -0.27092573046684265, -0.04329076036810875, -0.14078488945960999], [-0.421111136674881, -0.5378504395484924, -0.2747524678707123, 0.2452746331691742, -0.2808787226676941, -0.039439961314201355, -0.13754388689994812], [-0.4178405702114105, -0.5362547039985657, -0.2811225354671478, 0.2512986958026886, -0.27773118019104004, -0.03991859778761864, -0.1353779435157776]], "theta": [[0.0, 0.0, 0.0, 0.0, 0.0, 0.0, 0.0], [-0.30484282970428467, -0.3627461791038513, -0.04671912267804146, 0.10246666520833969, -0.013471200130879879, -0.0030717176850885153, -0.03185272961854935], [-0.1346818208694458, -0.25702276825904846, -0.033046044409275055, 0.07498248666524887, -0.08012749999761581, -0.014389454387128353, -0.1372230350971222], [-0.12893374264240265, -0.35538822412490845, -0.0744720846414566, 0.05096280947327614, -0.1234094649553299, -0.04084587097167969, -0.17208033800125122], [-0.24765633046627045, -0.3838285803794861, -0.10486161708831787, 0.03539774939417839, -0.15496601164340973, -0.04989766702055931, -0.1782388985157013], [-0.26194465160369873, -0.41478240489959717, -0.1256411373615265, 0.057975031435489655, -0.17419667541980743, -0.042799219489097595, -0.15854844450950623], [-0.25944268703460693, -0.4173368215560913, -0.1428358256816864, 0.08049102127552032, -0.19111035764217377, -0.03406575322151184, -0.13710471987724304], [-0.2530564069747925, -0.4002532958984375, -0.1526997983455658, 0.10287617146968842, -0.1992272585630417, -0.027662312611937523, -0.11732694506645203], [-0.2466786950826645, -0.38887152075767517, -0.16149058938026428, 0.1267397403717041, -0.20363755524158478, -0.02211381494998932, -0.10005269944667816], [-0.23992110788822174, -0.3826870322227478, -0.1676485389471054, 0.1533486247062683, -0.2096879631280899, -0.02107376605272293, -0.08932370692491531], [-0.23119956254959106, -0.37992164492607117, -0.17008572816848755, 0.16081330180168152, -0.2120206654071808, -0.016131913289427757, -0.08013146370649338], [-0.2229795753955841, -0.376893550157547, -0.16929654777050018, 0.1641637235879898, -0.21325355768203735, -0.011943823657929897, -0.07286642491817474], [-0.21297454833984375, -0.374647855758667, -0.16878893971443176, 0.15957847237586975, -0.20537985861301422, -0.009435228072106838, -0.0681191012263298]], "s": [[0.0, 0.0, 0.0, 0.0, 0.0, 0.0, 0.0], [-0.6121000051498413, -0.4503574073314667, -0.10057296603918076, -0.032436054199934006, -0.021402912214398384, -0.0015433578519150615, -0.025279199704527855], [-0.40740513801574707, -0.31549543142318726, -0.09429076313972473, -0.01023704931139946, -0.07868392020463943, -0.013754377141594887, -0.09654687345027924], [-0.30178144574165344, -0.25113263726234436, -0.10254962742328644, 0.008312155492603779, -0.10542640089988708, -0.024150246754288673, -0.0742502212524414], [-0.21472816169261932, -0.2287551313638687, -0.1217169240117073, 0.02533986233174801, -0.11589254438877106, -0.020561737939715385, -0.06522823125123978], [-0.18977685272693634, -0.2101525217294693, -0.12597614526748657, 0.04881720617413521, -0.12141398340463638, -0.019922548905014992, -0.06529324501752853], [-0.18527692556381226, -0.21586768329143524, -0.1339416354894638, 0.07478883862495422, -0.12706632912158966, -0.019320549443364143, -0.06570051610469818], [-0.1831173300743103, -0.22599497437477112, -0.1329551488161087, 0.09981845319271088, -0.1321062296628952, -0.018329700455069542, -0.06428343057632446], [-0.18145443499088287, -0.23182642459869385, -0.13597896695137024, 0.12336914241313934, -0.134295254945755, -0.019265910610556602, -0.06295743584632874], [-0.17992815375328064, -0.23191407322883606, -0.13698814809322357, 0.14127781987190247, -0.13301239907741547, -0.01660389080643654, -0.06169547885656357], [-0.17793941497802734, -0.2302643209695816, -0.135040745139122, 0.13860966265201569, -0.13007402420043945, -0.016875682398676872, -0.06046055257320404], [-0.1764860600233078, -0.22916075587272644, -0.13156035542488098, 0.1330854594707489, -0.12607625126838684, -0.01741872914135456, -0.059263717383146286], [-0.1754065752029419, -0.22874411940574646, -0.127925843000412, 0.1287413388490677, -0.12593145668506622, -0.016396142542362213, -0.058331914246082306]],