{"r": [[0.0, 0.0, 0.0, 0.0, 0.0, 0.0, 0.0], [0.059670768678188324, 0.06888720393180847, -0.03147784247994423, 0.035593900829553604, 0.020161498337984085, 0.004244775045663118, 0.0021160063333809376], [0.025486083701252937, 0.02671673707664013, -0.0063919322565197945, -0.0071882521733641624, 0.020526006817817688, 0.010180679149925709, 0.00370208197273314], [0.014474274590611458, 0.023966806009411812, 0.0017138950061053038, -0.008191397413611412, 0.013958496041595936, 0.011096335016191006, 0.0064416793175041676]], "phi": [[0.0, 0.0, 0.0, 0.0, 0.0, 0.0, 0.0], [-0.09361494332551956, 0.009672519750893116, -0.01624372974038124, -0.06003829091787338, -0.0015549790114164352, -0.0021203469950705767, -0.000829304859507829], [-0.05885269120335579, 0.02759692259132862, 0.0009859319543465972, -0.11518707126379013, -0.0013240043772384524, -0.0012587473029270768, -0.0007454203441739082], [-0.07095808535814285, 0.028400501236319542, 0.003052206477150321, -0.1201818585395813, -0.0016331211663782597, -0.0013426467776298523, -0.0007261873688548803]], "theta": [[0.0, 0.0, 0.0, 0.0, 0.0, 0.0, 0.0], [-0.09961694478988647, -0.040305376052856445, 0.17855635285377502, 0.15927408635616302, 1.2506162420322653e-05, 0.0004226150340400636, -0.00032873734016902745], [-0.13184678554534912, -0.06137919798493385, 0.1561972051858902, 0.17997974157333374, -0.00587863102555275, 0.0003073851694352925, -0.0003404963936191052], [-0.12743212282657623, -0.06200950965285301, 0.15355953574180603, 0.18243952095508575, -0.00538118788972497, 0.00027691133436746895, -0.0003550886467564851]], "s": [[0.0, 0.0, 0.0, 0.0, 0.0, 0.0, 0.0], [-0.01917543075978756, 0.0117665845900774, -0.05373596027493477, 0.05980712175369263, -0.00042738107731565833, -0.0001215216179843992, 1.1500734217406716e-05], [-0.061179276555776596, -0.004234491381794214, -0.02609165571630001, 0.051851678639650345, 0.001189187983982265, -0.0006618237821385264, -1.96619894268224e-05], [-0.042893894016742706, -0.004539140034466982, -0.020496109500527382, 0.04745064675807953, 0.0018367982702329755, -0.000574667239561677, -4.2342937376815826e-05]], "gamma": [[0.0, 0.0, 0.0, 0.0, 0.0, 0.0, 0.0], [-0.07722820341587067, -0.06072721630334854, -0.01238379068672657, 0.004260738845914602, 0.0009794957004487514, 6.175076123327017e-05, -5.97415510128485e-06], [-0.020662810653448105, -0.017257926985621452, -0.000667290878482163, 0.0029465912375599146, 0.0012405890738591552, 9.499051520833746e-05, -1.738269565976225e-05], [-0.009410779923200607, -0.013886163011193275, -0.0014407554408535361, 0.0025366703048348427, 0.001525977859273553, 5.8262467064196244e-05, -8.05748004495399e-06]], "kappa": [[0.0, 0.0, 0.0, 0.0, 0.0, 0.0, 0.0], [-0.013387275859713554, 0.07119505107402802, 0.009400424547493458, 0.04753253236413002, 0.002302431734278798, -0.0005371450097300112, -0.001070569735020399], [0.007260503713041544, 0.07151695340871811, -0.001384373870678246, 0.06470321863889694, 0.0012451675720512867, -0.0012858847621828318, -0.0014357904437929392], [0.009021714329719543, 0.07168997079133987, -0.003737799823284149, 0.0657009705901146, 0.0010988835711032152, -0.0013237588573247194, -0.0014367103576660156]], "alpha_real": [[0.0, 0.0, 0.0, 0.0, 0.0, 0.0, 0.0], [0.12825226783752441, 0.024047428742051125, 0.10520624369382858, 0.20790685713291168, 0.0013786612544208765, -7.996927888598293e-05, -1.2680216968874447e-05], [0.09236396104097366, 0.01494468841701746, 0.09235549718141556, 0.17013809084892273, 0.01022657286375761, -0.0009230849682353437, 1.1318041288177483e-05], [0.09599557518959045, 0.014200462028384209, 0.09191150963306427, 0.16877394914627075, 0.009982842952013016, -0.0009206407121382654, 1.124473328673048e-05]], "alpha_imag": [[0.0, 0.0, 0.0, 0.0, 0.0, 0.0, 0.0], [0.101958729326725, -0.04691528156399727, 0.014428149908781052, 0.22271376848220825, 0.000794555526226759, -4.655632801586762e-05, -6.002860118314857e-06], [0.04814741760492325, -0.015221375972032547, 0.004568892065435648, 0.2029159963130951, 0.0012826637830585241, -3.958130400860682e-05, -4.941647148370976e-06], [0.04323848709464073, -0.013842950575053692, 0.004115012940019369, 0.20255933701992035, 0.0019137169001623988, -1.7716665752232075e-05, -7.941609510453418e-06]]}