{"r": [[0.0, 0.0, 0.0, 0.0, 0.0, 0.0, 0.0], [0.304962694644928, 0.21075475215911865, 0.09380868077278137, 0.030062822625041008, 0.031235363334417343, 0.05232737213373184, 0.03080296330153942], [0.13655051589012146, 0.08081123977899551, 0.12394887208938599, 0.05851161107420921, 0.07096264511346817, 0.13518136739730835, 0.11818962544202805], [0.13035441935062408, 0.07880185544490814, 0.15794911980628967, 0.08904983848333359, 0.10809603333473206, 0.18364988267421722, 0.1464572548866272], [0.1595742553472519, 0.10389456152915955, 0.18577271699905396, 0.11921654641628265, 0.15342731773853302, 0.18987751007080078, 0.17241837084293365], [0.18405139446258545, 0.12564216554164886, 0.20689375698566437, 0.15236921608448029, 0.18350708484649658, 0.20598793029785156, 0.18469910323619843], [0.19027262926101685, 0.14519499242305756, 0.21982237696647644, 0.18565179407596588, 0.2055094987154007, 0.21614031493663788, 0.18681056797504425], [0.18766383826732635, 0.14946170151233673, 0.22459569573402405, 0.2166723757982254, 0.2195666879415512, 0.22372817993164062, 0.19560788571834564], [0.1860782355070114, 0.1437310427427292, 0.2257705181837082, 0.24705466628074646, 0.22904813289642334, 0.2309948354959488, 0.20326295495033264], [0.18541319668293, 0.13973280787467957, 0.22606833279132843, 0.2720026671886444, 0.23467564582824707, 0.23632192611694336, 0.21076180040836334], [0.18564854562282562, 0.13475573062896729, 0.22536030411720276, 0.28285664319992065, 0.23789595067501068, 0.24015402793884277, 0.21770353615283966], [0.18604622781276703, 0.1301010102033615, 0.22346116602420807, 0.2869000732898712, 0.2399984896183014, 0.24203631281852722, 0.22411087155342102], [0.18701758980751038, 0.12562505900859833, 0.22507122159004211, 0.2893616259098053, 0.24139373004436493, 0.2429872453212738, 0.23018789291381836], [0.18793092668056488, 0.12035291641950607, 0.22462116181850433, 0.29052770137786865, 0.2403758019208908, 0.24356108903884888, 0.23549285531044006], [0.18891115486621857, 0.11615259200334549, 0.22587887942790985, 0.2909872233867645, 0.24159619212150574, 0.2438642531633377, 0.23988085985183716], [0.1899123638868332, 0.11078816652297974, 0.22582177817821503, 0.2921927869319916, 0.24214103817939758, 0.24435816705226898, 0.24210812151432037]], "phi": [[0.0, 0.0, 0.0, 0.0, 0.0, 0.0, 0.0], [-0.09242325276136398, -0.1279204934835434, -0.22092097997665405, -0.010083788074553013, -0.00996222160756588, -0.02118682488799095, -0.017372669652104378], [-0.16172458231449127, -0.1652521789073944, -0.2154892534017563, -0.01667865365743637, -0.05822222679853439, -0.1440233737230301, -0.1753794550895691], [-0.2849506437778473, -0.2578737437725067, -0.25818589329719543, 0.0007603504345752299, -0.10324115306138992, -0.21468302607536316, -0.2113664746284485], [-0.3728064000606537, -0.2875542938709259, -0.2999177873134613, 0.016626819968223572, -0.19037702679634094, -0.22218967974185944, -0.23948341608047485], [-0.4001665413379669, -0.31655213236808777, -0.3480421006679535, 0.03743906691670418, -0.2032538503408432, -0.20803052186965942, -0.2565821707248688], [-0.41269031167030334, -0.3420601487159729, -0.35914382338523865, 0.0618341825902462, -0.2519512474536896, -0.18713024258613586, -0.2536664605140686], [-0.4053122103214264, -0.3456385135650635, -0.3685900866985321, 0.09209797531366348, -0.25345003604888916, -0.17522172629833221, -0.23786182701587677], [-0.404565691947937, -0.33258867263793945, -0.37615683674812317, 0.14611610770225525, -0.2594708204269409, -0.16811171174049377, -0.21444322168827057], [-0.40349942445755005, -0.3316742777824402, -0.3835688829421997, 0.20518803596496582, -0.2557389438152313, -0.1607651710510254, -0.19554895162582397], [-0.40162384510040283, -0.32622042298316956, -0.38431498408317566, 0.2489415854215622, -0.25732502341270447, -0.15774932503700256, -0.1803334504365921], [-0.3997914791107178, -0.32421639561653137, -0.381252259016037, 0.2626483142375946, -0.2647222578525543, -0.15546497702598572, -0.16948480904102325], [-0.39787331223487854, -0.3171692490577698, -0.3871210515499115, 0.2695869207382202, -0.27447444200515747, -0.15324868261814117, -0.15852762758731842], [-0.3959789574146271, -0.3083144426345825, -0.3894900679588318, 0.27181923389434814, -0.2722403407096863, -0.15132971107959747, -0.1526229828596115], [-0.39422130584716797, -0.3031689524650574, -0.3942531645298004, 0.2701811194419861, -0.28357261419296265, -0.14891588687896729, -0.14786948263645172], [-0.39279845356941223, -0.29297375679016113, -0.3962300419807434, 0.27025657892227173, -0.2926897406578064, -0.14527392387390137, -0.14528092741966248]], "theta": [[0.0, 0.0, 0.0, 0.0, 0.0, 0.0, 0.0], [-0.3101954460144043, -0.38105154037475586, -0.08909230679273605, 0.07554279267787933, -0.008484096266329288, -0.016443641856312752, -0.029052481055259705], [-0.15830406546592712, -0.2856957018375397, -0.1252104640007019, 0.050023153424263, -0.06061596795916557, -0.13684557378292084, -0.15404300391674042], [-0.20720073580741882, -0.4360322654247284, -0.16657552123069763, 0.050976358354091644, -0.1013217344880104, -0.18736621737480164, -0.1833534836769104], [-0.31884342432022095, -0.4652078151702881, -0.19608572125434875, 0.06710615754127502, -0.14927546679973602, -0.19127166271209717, -0.20876751840114594], [-0.3455464541912079, -0.49443793296813965, -0.2173100709915161, 0.08557135611772537, -0.17875079810619354, -0.15492591261863708, -0.22284282743930817], [-0.3599998354911804, -0.5195658206939697, -0.2325708121061325, 0.10770800709724426, -0.19863109290599823, -0.13014739751815796, -0.21709418296813965], [-0.35852786898612976, -0.5345470905303955, -0.2422916442155838, 0.12995825707912445, -0.21065753698349, -0.11741369962692261, -0.1938122659921646], [-0.3576679527759552, -0.5419939160346985, -0.250162810087204, 0.15369315445423126, -0.22213239967823029, -0.10416627675294876, -0.16938439011573792], [-0.35551267862319946, -0.5497260093688965, -0.2563084661960602, 0.17412112653255463, -0.23009300231933594, -0.09367941319942474, -0.14563922584056854], [-0.3513370156288147, -0.5624207258224487, -0.25919264554977417, 0.18090958893299103, -0.2374294251203537, -0.08989104628562927, -0.1265343278646469], [-0.3478766679763794, -0.5716971755027771, -0.2590448260307312, 0.17934000492095947, -0.24305462837219238, -0.0850384384393692, -0.11151140183210373], [-0.34394571185112, -0.5813182592391968, -0.2637796700000763, 0.17670360207557678, -0.24684789776802063, -0.07966159284114838, -0.09889817982912064], [-0.3405984342098236, -0.5947187542915344, -0.2640945613384247, 0.17221730947494507, -0.24558468163013458, -0.07438477128744125, -0.08735237270593643], [-0.3371376693248749, -0.6041988730430603, -0.2668004631996155, 0.16650062799453735, -0.24864205718040466, -0.06897762417793274, -0.08013607561588287], [-0.33356115221977234, -0.6134374737739563, -0.26729652285575867, 0.16200925409793854, -0.25019440054893494, -0.06468194723129272, -0.07587578147649765]],