{"r": [[0.0, 0.0, 0.0, 0.0, 0.0, 0.0, 0.0], [0.3167954981327057, 0.37221240997314453, 0.12550757825374603, 0.04196830093860626, 0.03094192035496235, 0.0827486515045166, 0.030983630567789078], [0.2309340536594391, 0.26441332697868347, 0.1440533697605133, 0.07098767906427383, 0.06682678312063217, 0.18399734795093536, 0.1303889900445938], [0.18514925241470337, 0.2343093454837799, 0.16454587876796722, 0.09958197921514511, 0.10209059715270996, 0.2629448473453522, 0.2144588679075241], [0.18878792226314545, 0.30899304151535034, 0.1830313354730606, 0.12763726711273193, 0.13955391943454742, 0.3209843337535858, 0.24450603127479553], [0.1857883781194687, 0.3198499381542206, 0.20209062099456787, 0.15732955932617188, 0.17611321806907654, 0.34356018900871277, 0.27328693866729736], [0.17687608301639557, 0.3287525475025177, 0.2216799110174179, 0.18849146366119385, 0.21294955909252167, 0.3619040846824646, 0.298381507396698], [0.16797339916229248, 0.33356642723083496, 0.24148845672607422, 0.220718115568161, 0.2453567087650299, 0.37077057361602783, 0.3152718245983124], [0.16638079285621643, 0.33540821075439453, 0.25601524114608765, 0.25648343563079834, 0.27246174216270447, 0.38079655170440674, 0.33849000930786133], [0.1742171347141266, 0.3339914381504059, 0.26555654406547546, 0.2889527976512909, 0.27323320508003235, 0.38893747329711914, 0.3558257222175598], [0.17883984744548798, 0.3276192843914032, 0.26654931902885437, 0.32094815373420715, 0.2744220495223999, 0.3983020484447479, 0.37173014879226685], [0.1783488243818283, 0.31614062190055847, 0.25462692975997925, 0.34935176372528076, 0.27433323860168457, 0.4031734764575958, 0.3850212097167969], [0.1760772168636322, 0.3050744831562042, 0.25374096632003784, 0.3555178642272949, 0.27370432019233704, 0.40752577781677246, 0.3966456651687622], [0.17255929112434387, 0.29379722476005554, 0.25613775849342346, 0.35544729232788086, 0.27313435077667236, 0.4100725054740906, 0.4066382348537445], [0.16848835349082947, 0.28433099389076233, 0.2569965124130249, 0.3550390303134918, 0.2721516788005829, 0.41158899664878845, 0.41388651728630066], [0.16448113322257996, 0.27811428904533386, 0.254268079996109, 0.3548547327518463, 0.27103471755981445, 0.41323959827423096, 0.4192308783531189], [0.1578056365251541, 0.2711966335773468, 0.25503891706466675, 0.3543594777584076, 0.2695622146129608, 0.41537365317344666, 0.4225322902202606]], "phi": [[0.0, 0.0, 0.0, 0.0, 0.0, 0.0, 0.0], [-0.07271900773048401, 0.025922439992427826, -0.2258843630552292, -0.33283016085624695, 0.044353187084198, 0.002204091986641288, -0.032403215765953064], [-0.1531984508037567, -0.12817873060703278, -0.19984623789787292, -0.3051201105117798, 0.0878622904419899, -0.15418706834316254, -0.18104323744773865], [-0.24463100731372833, -0.24305641651153564, -0.18002372980117798, -0.2764630615711212, 0.12453869730234146, -0.2157619148492813, -0.2501056492328644], [-0.2746046781539917, -0.32949674129486084, -0.17810921370983124, -0.2483965903520584, 0.16455398499965668, -0.2586914598941803, -0.2588030695915222], [-0.3292372524738312, -0.35508838295936584, -0.20998165011405945, -0.2178778052330017, 0.20532047748565674, -0.27132168412208557, -0.28199824690818787], [-0.355380117893219, -0.37720319628715515, -0.230991929769516, -0.18351051211357117, 0.24633166193962097, -0.25594162940979004, -0.309050977230072], [-0.36028987169265747, -0.3914080858230591, -0.22976700961589813, -0.1552196443080902, 0.29066702723503113, -0.24820804595947266, -0.30248841643333435], [-0.34526383876800537, -0.3932650089263916, -0.2415531873703003, -0.16260512173175812, 0.31416308879852295, -0.24213114380836487, -0.2771715223789215], [-0.34504443407058716, -0.3789818286895752, -0.26372817158699036, -0.1608811765909195, 0.3161885440349579, -0.23971116542816162, -0.25944727659225464], [-0.3342096507549286, -0.3642387092113495, -0.2755524218082428, -0.1742529273033142, 0.31817570328712463, -0.23928602039813995, -0.24223867058753967], [-0.3180551528930664, -0.348239004611969, -0.29786381125450134, -0.16509079933166504, 0.318148136138916, -0.2384733408689499, -0.23244458436965942], [-0.30862748622894287, -0.33234918117523193, -0.2991187870502472, -0.18895065784454346, 0.3172614276409149, -0.23802973330020905, -0.22418485581874847], [-0.3017278015613556, -0.32199516892433167, -0.2956470549106598, -0.19314873218536377, 0.31786349415779114, -0.236323744058609, -0.21684680879116058], [-0.2938233017921448, -0.31258049607276917, -0.28962087631225586, -0.191504567861557, 0.31859439611434937, -0.23473836481571198, -0.2122495025396347], [-0.28602665662765503, -0.30578798055648804, -0.2894262671470642, -0.19463491439819336, 0.31737613677978516, -0.23241513967514038, -0.2103506624698639], [-0.2723383903503418, -0.30312395095825195, -0.284952312707901, -0.1939510703086853, 0.3131801187992096, -0.22901132702827454, -0.20868797600269318]], "theta": [[0.0, 0.0, 0.0, 0.0, 0.0, 0.0, 0.0], [-0.3137381076812744, -0.3393526077270508, -0.3314310908317566, -0.1256514936685562, 0.15478450059890747, 0.00172135338652879, -0.03863810375332832], [-0.2660895586013794, -0.3002271354198456, -0.3068089783191681, -0.11794564127922058, 0.19540171325206757, -0.1601673811674118, -0.17684999108314514], [-0.40200451016426086, -0.4451245665550232, -0.2858768403530121, -0.13807547092437744, 0.23075324296951294, -0.24286150932312012, -0.2660103440284729], [-0.43332639336586, -0.47854405641555786, -0.27956199645996094, -0.16729286313056946, 0.2673257887363434, -0.3000029921531677, -0.29613861441612244], [-0.49456194043159485, -0.4829768240451813, -0.3096989691257477, -0.1973324418067932, 0.3034396171569824, -0.299974650144577, -0.32476967573165894], [-0.5213942527770996, -0.47885861992836, -0.3833332657814026, -0.2289963811635971, 0.33929553627967834, -0.2671719193458557, -0.3483545184135437], [-0.5444089770317078, -0.4654178023338318, -0.4233913719654083, -0.263628214597702, 0.3726954758167267, -0.2450016587972641, -0.33169025182724], [-0.5546373724937439, -0.45312774181365967, -0.4567415118217468, -0.3008236289024353, 0.402088463306427, -0.22684569656848907, -0.30079811811447144], [-0.5485890507698059, -0.4373779892921448, -0.48616182804107666, -0.3345102071762085, 0.4060927629470825, -0.21768102049827576, -0.2744530439376831], [-0.5412842631340027, -0.4294056296348572, -0.50193190574646, -0.3683110773563385, 0.413595587015152, -0.20563632249832153, -0.2482851892709732], [-0.5375640392303467, -0.43041419982910156, -0.497503399848938, -0.39877018332481384, 0.4184578061103821, -0.20065349340438843, -0.22517016530036926], [-0.5392966270446777, -0.43468156456947327, -0.4898676574230194, -0.41259151697158813, 0.4223290681838989, -0.19699707627296448, -0.20781809091567993], [-0.5428056120872498, -0.44089022278785706, -0.487947940826416, -0.4198547601699829, 0.42637914419174194, -0.1922191083431244, -0.19202165305614471], [-0.5471198558807373, -0.4488396644592285, -0.48108232021331787, -0.4238165020942688, 0.42896994948387146, -0.18884974718093872, -0.18269005417823792], [-0.5509532690048218, -0.4551417827606201, -0.47577977180480957, -0.4290236234664917, 0.43050047755241394, -0.18506905436515808, -0.1756126880645752], [-0.5571923851966858, -0.464510053396225, -0.47509610652923584, -0.43233639001846313, 0.42960694432258606, -0.17972223460674286, -0.16860388219356537]],