{"r": [[0.0, 0.0, 0.0, 0.0, 0.0, 0.0, 0.0], [0.22117136418819427, 0.19413679838180542, 0.13287851214408875, 0.08261018991470337, -0.08697271347045898, 0.07020044326782227, 0.006865780800580978], [0.08723072707653046, 0.09967388212680817, 0.085115447640419, 0.04385313391685486, 0.0307463388890028, 0.11869952082633972, 0.037404779344797134], [0.08111327141523361, 0.0838722363114357, 0.13435456156730652, 0.07826390862464905, 0.0927111878991127, 0.12726664543151855, 0.1044636145234108], [0.14463938772678375, 0.14053082466125488, 0.14195303618907928, 0.13250333070755005, 0.11318700760602951, 0.1308441460132599, 0.12274225056171417], [0.15140359103679657, 0.14511646330356598, 0.14827664196491241, 0.14239971339702606, 0.12012507766485214, 0.13517531752586365, 0.1315755397081375], [0.1478480100631714, 0.14858095347881317, 0.15334054827690125, 0.14747613668441772, 0.12656858563423157, 0.1403741091489792, 0.13655494153499603], [0.14606794714927673, 0.15008048713207245, 0.1576944887638092, 0.15261302888393402, 0.1317763775587082, 0.1441732496023178, 0.1418272703886032], [0.14618971943855286, 0.15147265791893005, 0.15989302098751068, 0.15523985028266907, 0.13599933683872223, 0.14719650149345398, 0.14633290469646454], [0.14701811969280243, 0.15311220288276672, 0.16133476793766022, 0.15726278722286224, 0.13871456682682037, 0.1504250019788742, 0.14930348098278046], [0.14801089465618134, 0.15433253347873688, 0.1623843014240265, 0.15822315216064453, 0.14039665460586548, 0.15158012509346008, 0.15151025354862213], [0.14887751638889313, 0.1555897444486618, 0.16262808442115784, 0.15866684913635254, 0.14215826988220215, 0.15329964458942413, 0.15314167737960815], [0.15020444989204407, 0.15675243735313416, 0.16232389211654663, 0.15935087203979492, 0.14255930483341217, 0.1541856974363327, 0.15419620275497437], [0.15153267979621887, 0.1577366143465042, 0.1620994657278061, 0.15929333865642548, 0.14289213716983795, 0.1549699604511261, 0.15495285391807556], [0.15267795324325562, 0.15863627195358276, 0.16247926652431488, 0.15997792780399323, 0.14449693262577057, 0.1556292325258255, 0.15544894337654114]], "phi": [[0.0, 0.0, 0.0, 0.0, 0.0, 0.0, 0.0], [-0.2856297791004181, -0.29891252517700195, -0.1323973834514618, -0.11959214508533478, -0.008915112353861332, -0.18577399849891663, 0.008267463184893131], [-0.5218563079833984, -0.4305097460746765, -0.19329041242599487, -0.1512054055929184, 0.01826835423707962, -0.10328406095504761, -0.006116345524787903], [-0.6422800421714783, -0.49771636724472046, -0.201656773686409, -0.11385287344455719, -0.08426418155431747, -0.07544955611228943, -0.09917736053466797], [-0.7202919721603394, -0.5796791315078735, -0.16389192640781403, -0.045705705881118774, -0.1214229166507721, -0.046016909182071686, -0.11759698390960693], [-0.7250313758850098, -0.5738186240196228, -0.13667930662631989, -0.034633420407772064, -0.14451926946640015, -0.04126862809062004, -0.10845745354890823], [-0.7190839648246765, -0.5652554035186768, -0.11575379222631454, -0.02656514383852482, -0.15985623002052307, -0.03839893266558647, -0.10238119214773178], [-0.7159249186515808, -0.5604695081710815, -0.10743585973978043, -0.021834518760442734, -0.1733984500169754, -0.03686697781085968, -0.09990236908197403], [-0.7138962149620056, -0.555288553237915, -0.10430679470300674, -0.021215779706835747, -0.17592735588550568, -0.03251856938004494, -0.09744191914796829], [-0.7101646661758423, -0.5514266490936279, -0.0978044643998146, -0.023203987628221512, -0.17713452875614166, -0.028767215088009834, -0.09664655476808548], [-0.705816388130188, -0.5483930110931396, -0.10466835647821426, -0.020694132894277573, -0.17826955020427704, -0.02674254961311817, -0.09389772266149521], [-0.7024782299995422, -0.5447348952293396, -0.10370463877916336, -0.02391427382826805, -0.18080276250839233, -0.024564340710639954, -0.09322429448366165], [-0.69869065284729, -0.5412232875823975, -0.10555250197649002, -0.018684133887290955, -0.17907372117042542, -0.02251090295612812, -0.091995969414711], [-0.6943926215171814, -0.5385040044784546, -0.1043684259057045, -0.02247413620352745, -0.17749233543872833, -0.021379467099905014, -0.09121645987033844], [-0.6905497908592224, -0.5354911088943481, -0.10755638778209686, -0.0193899255245924, -0.177663654088974, -0.018124667927622795, -0.09039655327796936]], "theta": [[0.0, 0.0, 0.0, 0.0, 0.0, 0.0, 0.0], [-0.2707434892654419, -0.25162965059280396, -0.08632395416498184, -0.004856348503381014, -0.23934496939182281, -0.22677375376224518, -0.021342149004340172], [-0.09378422051668167, -0.13324151933193207, -0.029059169813990593, 0.04453877732157707, -0.3209250569343567, -0.2364453673362732, -0.02394484542310238], [-0.04241538420319557, -0.11392360180616379, 0.03961048647761345, 0.06844913959503174, -0.37074872851371765, -0.25605639815330505, -0.10001850873231888], [-0.18744733929634094, -0.14984354376792908, 0.07739369571208954, 0.09814751148223877, -0.3787316083908081, -0.2625339925289154, -0.11025092750787735], [-0.19552168250083923, -0.13929638266563416, 0.10698840022087097, 0.09476138651371002, -0.37048622965812683, -0.25026118755340576, -0.08290505409240723], [-0.19193708896636963, -0.12946544587612152, 0.11971943080425262, 0.09708254039287567, -0.363244891166687, -0.23790641129016876, -0.06974159926176071], [-0.18460074067115784, -0.12354318052530289, 0.11900630593299866, 0.09416130930185318, -0.35708585381507874, -0.22575408220291138, -0.06060286983847618], [-0.17809921503067017, -0.1174144297838211, 0.11673687398433685, 0.09367024898529053, -0.3468116223812103, -0.21736451983451843, -0.053553879261016846], [-0.1689709722995758, -0.10971808433532715, 0.11581628024578094, 0.0911295935511589, -0.33782124519348145, -0.20867951214313507, -0.04875371605157852], [-0.16240951418876648, -0.10303548723459244, 0.1077866405248642, 0.09093314409255981, -0.3299606144428253, -0.20123659074306488, -0.04435180500149727], [-0.15653730928897858, -0.09533950686454773, 0.1053672581911087, 0.08904968947172165, -0.3238522708415985, -0.19445692002773285, -0.041583817452192307], [-0.14881417155265808, -0.08847665041685104, 0.10072094202041626, 0.08832526952028275, -0.3164375424385071, -0.18805667757987976, -0.03897107392549515], [-0.1409892737865448, -0.08381296694278717, 0.09779547899961472, 0.08603186905384064, -0.3089462220668793, -0.1835469752550125, -0.0365576408803463], [-0.1348731517791748, -0.07789906859397888, 0.09344223141670227, 0.08696257323026657, -0.302632212638855, -0.17626617848873138, -0.03449679911136627]],