{"r": [[0.0, 0.0, 0.0, 0.0, 0.0, 0.0, 0.0], [0.3116426169872284, 0.24334092438220978, 0.11280329525470734, 0.027535419911146164, 0.019610701128840446, 0.010563390329480171, 0.05347924306988716], [0.17161878943443298, 0.11627835035324097, 0.13712941110134125, 0.05528838187456131, 0.06662113219499588, 0.04162953048944473, 0.1427087038755417], [0.14884638786315918, 0.09257823973894119, 0.1607724279165268, 0.08559327572584152, 0.10152966529130936, 0.1462160050868988, 0.17182451486587524], [0.16997665166854858, 0.1132306456565857, 0.1754714995622635, 0.11692214757204056, 0.13794566690921783, 0.19943934679031372, 0.19832627475261688], [0.1918722242116928, 0.12795016169548035, 0.18593521416187286, 0.1494174748659134, 0.17512892186641693, 0.21355010569095612, 0.22025389969348907], [0.20815306901931763, 0.1444188505411148, 0.1979120969772339, 0.18123328685760498, 0.2099282592535019, 0.21629109978675842, 0.2231055647134781], [0.19813768565654755, 0.1607120931148529, 0.20314979553222656, 0.21205167472362518, 0.24646472930908203, 0.2272922396659851, 0.22698679566383362], [0.18966838717460632, 0.16221831738948822, 0.2055247724056244, 0.24060644209384918, 0.2695327401161194, 0.2397882044315338, 0.23739787936210632], [0.18498294055461884, 0.15386900305747986, 0.20453979074954987, 0.263688325881958, 0.27350810170173645, 0.2513321042060852, 0.24743543565273285], [0.18021206557750702, 0.14790667593479156, 0.20502789318561554, 0.2761034071445465, 0.2730405330657959, 0.260708749294281, 0.25627174973487854], [0.17518043518066406, 0.14334450662136078, 0.2049540877342224, 0.2801719605922699, 0.27411627769470215, 0.27027666568756104, 0.2641620635986328], [0.16989536583423615, 0.13778239488601685, 0.20548254251480103, 0.28116855025291443, 0.2738984525203705, 0.2776210904121399, 0.27166128158569336], [0.1642148345708847, 0.1330469399690628, 0.20646677911281586, 0.2820039391517639, 0.2732289731502533, 0.2827858030796051, 0.2788543403148651], [0.15807481110095978, 0.12761561572551727, 0.20706145465373993, 0.2830977737903595, 0.27423712611198425, 0.28550413250923157, 0.28503352403640747], [0.15315422415733337, 0.1233355924487114, 0.20723624527454376, 0.2835623025894165, 0.27466100454330444, 0.2866331934928894, 0.2897733449935913], [0.14624765515327454, 0.11920696496963501, 0.20827142894268036, 0.28457915782928467, 0.2749347984790802, 0.2872679531574249, 0.29284438490867615]], "phi": [[0.0, 0.0, 0.0, 0.0, 0.0, 0.0, 0.0], [-0.08148904889822006, -0.027092870324850082, -0.3214626610279083, -0.04140268638730049, -0.06569205224514008, 0.0110034653916955, -0.012257869355380535], [-0.14760635793209076, -0.06548308581113815, -0.3195699453353882, -0.010161818005144596, -0.04444114491343498, -0.020759033039212227, -0.15458720922470093], [-0.27381983399391174, -0.16872148215770721, -0.3370814919471741, 0.01572483219206333, -0.058066226541996, -0.18990644812583923, -0.19034086167812347], [-0.35756179690361023, -0.19930733740329742, -0.403316468000412, 0.054642271250486374, -0.08960644155740738, -0.28079095482826233, -0.2237502783536911], [-0.38663968443870544, -0.22948376834392548, -0.4539068043231964, 0.09736861288547516, -0.13507063686847687, -0.30706948041915894, -0.24913963675498962], [-0.4097993075847626, -0.2590644359588623, -0.4699481427669525, 0.14764507114887238, -0.16365352272987366, -0.3052526116371155, -0.2519008219242096], [-0.4044789671897888, -0.2896346151828766, -0.48619842529296875, 0.22185251116752625, -0.2287309318780899, -0.28817296028137207, -0.24932491779327393], [-0.3957897424697876, -0.2927052974700928, -0.493574321269989, 0.2419864386320114, -0.24555879831314087, -0.2602807581424713, -0.23131829500198364], [-0.3921584188938141, -0.2720402181148529, -0.5015065670013428, 0.262580007314682, -0.25758078694343567, -0.2334505319595337, -0.2024211883544922], [-0.3904186487197876, -0.2600124776363373, -0.5050892233848572, 0.29581260681152344, -0.25872066617012024, -0.2179381251335144, -0.18088319897651672], [-0.3899030089378357, -0.24906769394874573, -0.50684654712677, 0.31940945982933044, -0.27129215002059937, -0.20860156416893005, -0.1637815684080124], [-0.3897440731525421, -0.23598912358283997, -0.509143590927124, 0.3286398947238922, -0.2788013219833374, -0.19950304925441742, -0.14950963854789734], [-0.3912838399410248, -0.22484974563121796, -0.5118048191070557, 0.336144357919693, -0.27329567074775696, -0.19735988974571228, -0.1403634399175644], [-0.3896373510360718, -0.21521300077438354, -0.5129666924476624, 0.3447739779949188, -0.2790709137916565, -0.19464795291423798, -0.13248655200004578], [-0.3876831531524658, -0.20112921297550201, -0.5121464729309082, 0.34662964940071106, -0.28129351139068604, -0.19333457946777344, -0.1288345754146576], [-0.3823853135108948, -0.1901988983154297, -0.5140036940574646, 0.3518085479736328, -0.27809104323387146, -0.19033785164356232, -0.1260664165019989]], "theta": [[0.0, 0.0, 0.0, 0.0, 0.0, 0.0, 0.0], [-0.31241080164909363, -0.38442474603652954, -0.20624907314777374, -0.0009093531989492476, -0.02866194397211075, -0.01955036260187626, -0.016993040218949318], [-0.17795901000499725, -0.2984500825405121, -0.2484794408082962, 0.034138377755880356, -0.01590309664607048, -0.04278608784079552, -0.15220743417739868], [-0.2734381854534149, -0.455307275056839, -0.2804555296897888, 0.06317415088415146, -0.052553121000528336, -0.18823470175266266, -0.18242347240447998], [-0.37767523527145386, -0.4854035973548889, -0.3064318895339966, 0.0979519858956337, -0.09113546460866928, -0.24677227437496185, -0.20998483896255493], [-0.407202810049057, -0.5153174996376038, -0.3268827199935913, 0.13106533885002136, -0.12937317788600922, -0.264480859041214, -0.23209470510482788], [-0.4312247037887573, -0.5439539551734924, -0.3441542387008667, 0.1624065637588501, -0.1641518920660019, -0.2607736885547638, -0.23530450463294983], [-0.4421500563621521, -0.5729987621307373, -0.3527565598487854, 0.19185321033000946, -0.20271022617816925, -0.2384425401687622, -0.22990572452545166], [-0.4515087902545929, -0.5845263600349426, -0.35647010803222656, 0.22062639892101288, -0.2269459366798401, -0.2056947946548462, -0.199086993932724], [-0.4588012099266052, -0.5899286270141602, -0.3574988543987274, 0.24251727759838104, -0.23313462734222412, -0.18010900914669037, -0.17014649510383606], [-0.4684675633907318, -0.5983995795249939, -0.3589039444923401, 0.25597232580184937, -0.2335910052061081, -0.160439133644104, -0.14477139711380005], [-0.4796088933944702, -0.6058855652809143, -0.3582325875759125, 0.26284149289131165, -0.23625865578651428, -0.1404419094324112, -0.12441916763782501], [-0.49118149280548096, -0.6156858205795288, -0.35858461260795593, 0.2643093168735504, -0.2368350625038147, -0.1284179985523224, -0.10360697656869888], [-0.5024842619895935, -0.6233358383178711, -0.35922083258628845, 0.264504611492157, -0.23577022552490234, -0.12228292971849442, -0.08526889234781265], [-0.5160030722618103, -0.6304541826248169, -0.35835427045822144, 0.2651829421520233, -0.23712749779224396, -0.11773316562175751, -0.07270524650812149], [-0.5264073610305786, -0.637047290802002, -0.35586729645729065, 0.2612490653991699, -0.23777998983860016, -0.11439098417758942, -0.06395570933818817], [-0.5411981344223022, -0.6435595750808716, -0.35558924078941345, 0.25966501235961914, -0.23645225167274475, -0.10947541147470474, -0.057897426187992096]],