{"r": [[0.0, 0.0, 0.0, 0.0, 0.0, 0.0, 0.0], [0.23094230890274048, 0.2486005425453186, 0.15656432509422302, 0.08575339615345001, -0.1029595211148262, 0.09992267936468124, 0.02040395326912403], [0.09063214808702469, 0.1456478089094162, 0.15196016430854797, 0.05703084543347359, -0.0030684275552630424, 0.16021442413330078, 0.05104725435376167], [0.11088552325963974, 0.14241108298301697, 0.1553753763437271, 0.14967837929725647, 0.033006079494953156, 0.1873653680086136, 0.08118244260549545], [0.14717963337898254, 0.15950937569141388, 0.1595679372549057, 0.17432880401611328, 0.10321373492479324, 0.19184166193008423, 0.13756532967090607], [0.17411847412586212, 0.16119152307510376, 0.1628616452217102, 0.180278480052948, 0.15153168141841888, 0.19587771594524384, 0.15688279271125793], [0.17473939061164856, 0.16306693851947784, 0.1667327880859375, 0.18414008617401123, 0.16403840482234955, 0.19741559028625488, 0.16480384767055511], [0.1743660718202591, 0.1645471602678299, 0.1712561547756195, 0.1903664916753769, 0.17108720541000366, 0.19793464243412018, 0.17208313941955566], [0.17441923916339874, 0.16557447612285614, 0.17486849427223206, 0.19528694450855255, 0.17723333835601807, 0.19844156503677368, 0.1784767061471939], [0.17479689419269562, 0.16717621684074402, 0.17738449573516846, 0.1973671168088913, 0.18026597797870636, 0.19924524426460266, 0.1842269003391266], [0.1758858859539032, 0.1684415638446808, 0.1783948391675949, 0.19889412820339203, 0.18133854866027832, 0.19965264201164246, 0.18899774551391602], [0.17724665999412537, 0.16996310651302338, 0.1798449009656906, 0.19998596608638763, 0.18210840225219727, 0.19954991340637207, 0.19302718341350555], [0.17907485365867615, 0.17161361873149872, 0.18090005218982697, 0.20081478357315063, 0.182634174823761, 0.1996152251958847, 0.19537241756916046]], "phi": [[0.0, 0.0, 0.0, 0.0, 0.0, 0.0, 0.0], [-0.23045296967029572, -0.30053478479385376, 0.05818519741296768, -0.08507884293794632, 0.17751318216323853, -0.1680963635444641, 0.005114979576319456], [-0.4907641112804413, -0.4436720609664917, 0.07723230123519897, -0.09508559107780457, 0.2627287209033966, -0.09334314614534378, 0.043052222579717636], [-0.6222071051597595, -0.5434550642967224, 0.11386150866746902, 0.017399678006768227, 0.2303137183189392, -0.046529486775398254, 0.07976510375738144], [-0.6110960245132446, -0.609163224697113, 0.1556982696056366, 0.04443413391709328, 0.11204225569963455, -0.042551491409540176, 0.1646977812051773], [-0.6362389326095581, -0.6347320675849915, 0.18914204835891724, 0.051100339740514755, 0.040373269468545914, -0.04101187735795975, 0.1865730881690979], [-0.6268305778503418, -0.6567819714546204, 0.21545493602752686, 0.051009465008974075, 0.010404725559055805, -0.040510352700948715, 0.17355792224407196], [-0.6194057464599609, -0.659088134765625, 0.23484419286251068, 0.0524384044110775, -0.02773437649011612, -0.0393013097345829, 0.16080477833747864], [-0.6152716875076294, -0.6541643738746643, 0.23942534625530243, 0.05412738025188446, -0.05638260394334793, -0.03867409750819206, 0.14903005957603455], [-0.6124220490455627, -0.6494476199150085, 0.24133920669555664, 0.0523129478096962, -0.07088310271501541, -0.037745870649814606, 0.14189228415489197], [-0.6071860790252686, -0.6436913013458252, 0.2388981133699417, 0.05225823074579239, -0.08125074952840805, -0.036334328353405, 0.13641050457954407], [-0.6023234128952026, -0.639126181602478, 0.2373906672000885, 0.05487511679530144, -0.08626213669776917, -0.03490868955850601, 0.13325627148151398], [-0.5975314378738403, -0.6353847980499268, 0.2335742712020874, 0.05280600115656853, -0.09093792736530304, -0.033265963196754456, 0.13152500987052917]], "theta": [[0.0, 0.0, 0.0, 0.0, 0.0, 0.0, 0.0], [-0.26818472146987915, -0.33153587579727173, 0.11675452440977097, -0.000569004681892693, -0.2203340381383896, -0.10433351993560791, 0.036001041531562805], [-0.07737086713314056, -0.21459898352622986, 0.17366211116313934, 0.05393132567405701, -0.3303246796131134, -0.05614054575562477, 0.07128307223320007], [-0.015971936285495758, -0.2108006775379181, 0.20795759558677673, 0.10597129911184311, -0.3663177490234375, -0.08399740606546402, 0.1044037714600563], [-0.19265475869178772, -0.2358609139919281, 0.2445327639579773, 0.11944398283958435, -0.43786901235580444, -0.07868628203868866, 0.16438698768615723], [-0.21763108670711517, -0.2418065369129181, 0.2735777199268341, 0.1160460039973259, -0.4793008267879486, -0.07396538555622101, 0.1747799962759018], [-0.21812865138053894, -0.2457655966281891, 0.2861584722995758, 0.10894464701414108, -0.48915600776672363, -0.07028860598802567, 0.15214329957962036], [-0.2104862481355667, -0.2413194477558136, 0.28974097967147827, 0.104790098965168, -0.49553757905960083, -0.06726925820112228, 0.1280532330274582], [-0.2027343362569809, -0.234906867146492, 0.2845231592655182, 0.09832289069890976, -0.4987606108188629, -0.0650850385427475, 0.10761445015668869], [-0.19726280868053436, -0.22870942950248718, 0.2783149480819702, 0.09345117956399918, -0.4948589503765106, -0.0625951811671257, 0.09494810551404953], [-0.1910577118396759, -0.22280456125736237, 0.27048352360725403, 0.08994291722774506, -0.49456509947776794, -0.060489948838949203, 0.08503754436969757], [-0.1837809681892395, -0.21660678088665009, 0.26274624466896057, 0.08653553575277328, -0.4931231737136841, -0.058086879551410675, 0.07732617110013962], [-0.1757238656282425, -0.20931322872638702, 0.25440484285354614, 0.08045648038387299, -0.49115264415740967, -0.055544957518577576, 0.07195815443992615]], "s": [[0.0, 0.0, 0.0, 0.0, 0.0, 0.0, 0.0], [-0.5073599815368652, -0.578930139541626, 0.2124917358160019, 0.0325433649122715, -0.04674593731760979, 0.08952030539512634, 0.012387909926474094], [-0.3115234375, -0.46783050894737244, 0.21311454474925995, 0.033040471374988556, -0.14409950375556946, 0.0235049519687891, 0.04303620755672455], [-0.1976410299539566, -0.3754156529903412, 0.19197726249694824, 0.03649798408150673, -0.17903834581375122, -0.02101641520857811, 0.0723656564950943], [-0.25275832414627075, -0.3115635812282562, 0.16466723382472992, 0.03476633131504059, -0.19804871082305908, -0.022474706172943115, 0.06987311691045761], [-0.23602484166622162, -0.28653717041015625, 0.14182741940021515, 0.030238458886742592, -0.12631629407405853, -0.021409446373581886, 0.06197226420044899], [-0.24345292150974274, -0.2652101516723633, 0.13036668300628662, 0.029469866305589676, -0.10540058463811874, -0.02029769867658615, 0.06602191925048828], [-0.24702885746955872, -0.26079893112182617, 0.12105002999305725, 0.029543763026595116, -0.08505506813526154, -0.019395219162106514, 0.06507614254951477], [-0.2468884289264679, -0.2592965066432953, 0.1170930564403534, 0.026348190382122993, -0.06954085826873779, -0.01860200986266136, 0.06226864457130432], [-0.24588069319725037, -0.25735577940940857, 0.1141946017742157, 0.027139030396938324, -0.06472914665937424, -0.01804649643599987, 0.06027374044060707], [-0.24362462759017944, -0.2559627294540405, 0.11363505572080612, 0.027058886364102364, -0.06237943843007088, -0.017384715378284454, 0.05951203778386116], [-0.24264879524707794, -0.254092812538147, 0.11071427166461945, 0.024508977308869362, -0.06196057051420212, -0.016781287267804146, 0.057874590158462524], [-0.2411489337682724, -0.25289541482925415, 0.1097123995423317, 0.024860600009560585, -0.0608905665576458, -0.01594308204948902, 0.0569186769425869]],