{"r": [[0.0, 0.0, 0.0, 0.0, 0.0, 0.0, 0.0], [0.31703630089759827, 0.38508230447769165, 0.12888659536838531, 0.027042828500270844, 0.04436923563480377, 0.027690468356013298, 0.061929851770401], [0.24289575219154358, 0.29108667373657227, 0.15624955296516418, 0.05614215508103371, 0.09900669753551483, 0.14838479459285736, 0.1661403924226761], [0.1984880566596985, 0.2545725405216217, 0.18026556074619293, 0.08426348119974136, 0.13093701004981995, 0.22888454794883728, 0.245560422539711], [0.2017202377319336, 0.3087615370750427, 0.2059171199798584, 0.11436735838651657, 0.1656046062707901, 0.3032144010066986, 0.2760973870754242], [0.21380896866321564, 0.3145297169685364, 0.23205558955669403, 0.1436922550201416, 0.19934697449207306, 0.3479684889316559, 0.30646294355392456], [0.20529159903526306, 0.3214317858219147, 0.25859519839286804, 0.1739647388458252, 0.23522411286830902, 0.3690798282623291, 0.3360729515552521], [0.1954752653837204, 0.32964447140693665, 0.2821398377418518, 0.20629602670669556, 0.27170756459236145, 0.3831416666507721, 0.36304551362991333], [0.1954365372657776, 0.3338547646999359, 0.3033198416233063, 0.239053875207901, 0.3060721158981323, 0.39026281237602234, 0.378996878862381], [0.2019728571176529, 0.34040945768356323, 0.31772497296333313, 0.2741739749908447, 0.3328545093536377, 0.3953024744987488, 0.4012317359447479], [0.20854678750038147, 0.34598278999328613, 0.3247673511505127, 0.30679869651794434, 0.34299254417419434, 0.40664634108543396, 0.41387420892715454], [0.2136985957622528, 0.3467375338077545, 0.3245752155780792, 0.339465856552124, 0.3455612063407898, 0.4154372215270996, 0.42972734570503235], [0.21439266204833984, 0.33960288763046265, 0.31558045744895935, 0.3687802851200104, 0.3461286127567291, 0.42129752039909363, 0.4444068670272827], [0.21215705573558807, 0.3293191194534302, 0.3128480017185211, 0.39361771941185, 0.34498924016952515, 0.4235943555831909, 0.45578595995903015], [0.20827065408229828, 0.31886187195777893, 0.31463170051574707, 0.4042678475379944, 0.34332790970802307, 0.4249809980392456, 0.4664543867111206], [0.20361748337745667, 0.30983346700668335, 0.3189329206943512, 0.4059104919433594, 0.34288471937179565, 0.4258878827095032, 0.4741526246070862], [0.19921334087848663, 0.3020353317260742, 0.3226548135280609, 0.40581634640693665, 0.34244871139526367, 0.4266223907470703, 0.4802393913269043]], "phi": [[0.0, 0.0, 0.0, 0.0, 0.0, 0.0, 0.0], [-0.07230288535356522, 0.02679431438446045, -0.22308200597763062, -0.013964599929749966, -0.1349107325077057, 0.0005715314764529467, 0.009992181323468685], [-0.1807575523853302, -0.073955237865448, -0.1936592161655426, -0.041108183562755585, -0.13400347530841827, -0.18960557878017426, -0.12041310220956802], [-0.27588048577308655, -0.22092169523239136, -0.1759120225906372, -0.06809180974960327, -0.11924266070127487, -0.25219327211380005, -0.20075573027133942], [-0.30532220005989075, -0.2885035276412964, -0.16500258445739746, -0.08401218056678772, -0.13701602816581726, -0.21497130393981934, -0.21470104157924652], [-0.36150872707366943, -0.30630841851234436, -0.1667087972164154, -0.10420867055654526, -0.16786187887191772, -0.20988956093788147, -0.19442397356033325], [-0.38089457154273987, -0.3256220817565918, -0.1602528989315033, -0.11737290769815445, -0.20635312795639038, -0.2222857028245926, -0.1914582997560501], [-0.3822069466114044, -0.34286969900131226, -0.19803287088871002, -0.12772774696350098, -0.2420775443315506, -0.2240927517414093, -0.20617954432964325], [-0.37056198716163635, -0.35972869396209717, -0.199942946434021, -0.15040220320224762, -0.26150643825531006, -0.22841782867908478, -0.22108431160449982], [-0.3708539605140686, -0.3709549009799957, -0.21701426804065704, -0.18375857174396515, -0.2523997128009796, -0.23249129951000214, -0.20538203418254852], [-0.37317636609077454, -0.3749561607837677, -0.23707179725170135, -0.19330376386642456, -0.24658094346523285, -0.23541377484798431, -0.20023523271083832], [-0.36936628818511963, -0.367442786693573, -0.2590101361274719, -0.20178109407424927, -0.2393694967031479, -0.2360437959432602, -0.18852359056472778], [-0.35822099447250366, -0.3535482883453369, -0.299238920211792, -0.1986832320690155, -0.2348301112651825, -0.23702767491340637, -0.18015484511852264], [-0.35233914852142334, -0.34081608057022095, -0.32144519686698914, -0.19803044199943542, -0.22952845692634583, -0.23952189087867737, -0.1733439713716507], [-0.34797078371047974, -0.3292347490787506, -0.3302653729915619, -0.21284112334251404, -0.2269577533006668, -0.24034331738948822, -0.1671605408191681], [-0.34272730350494385, -0.31954315304756165, -0.32784590125083923, -0.21908816695213318, -0.2312806248664856, -0.24066033959388733, -0.16312891244888306], [-0.33730775117874146, -0.3127421438694, -0.326198935508728, -0.21569669246673584, -0.23465557396411896, -0.24014341831207275, -0.16014818847179413]], "theta": [[0.0, 0.0, 0.0, 0.0, 0.0, 0.0, 0.0], [-0.3137851655483246, -0.33346161246299744, -0.3345906138420105, -0.00889112614095211, -0.15128691494464874, 0.007472618483006954, 0.014028353616595268], [-0.26191073656082153, -0.3704223930835724, -0.3073115348815918, -0.04095799848437309, -0.17245806753635406, -0.1905563622713089, -0.1406078189611435], [-0.3408665060997009, -0.41523289680480957, -0.29027074575424194, -0.06998441368341446, -0.17680956423282623, -0.2728293836116791, -0.2259928584098816], [-0.37377747893333435, -0.4475957155227661, -0.27940353751182556, -0.10164420306682587, -0.2207442820072174, -0.3453521132469177, -0.25649333000183105], [-0.43879827857017517, -0.4569374620914459, -0.281119704246521, -0.13129831850528717, -0.2587939500808716, -0.38532206416130066, -0.28685325384140015], [-0.4697014093399048, -0.4619309902191162, -0.28114572167396545, -0.1623951643705368, -0.2953365743160248, -0.3622872829437256, -0.3160598874092102], [-0.4933136999607086, -0.4633854627609253, -0.34368330240249634, -0.19504216313362122, -0.3312758207321167, -0.33797669410705566, -0.3412647843360901], [-0.5044035315513611, -0.46191638708114624, -0.3905997574329376, -0.22857527434825897, -0.3650490939617157, -0.3177478313446045, -0.33379995822906494], [-0.5058770775794983, -0.4505886733531952, -0.4279744029045105, -0.26318463683128357, -0.3918711245059967, -0.3049093186855316, -0.30386412143707275], [-0.5025017857551575, -0.43477508425712585, -0.45218461751937866, -0.2949734926223755, -0.40320712327957153, -0.29093584418296814, -0.2799551486968994], [-0.4948529601097107, -0.42318835854530334, -0.45282304286956787, -0.32707899808883667, -0.4086742103099823, -0.28177353739738464, -0.2548538148403168], [-0.49059954285621643, -0.4178972840309143, -0.45217910408973694, -0.3568951487541199, -0.4132532477378845, -0.27703332901000977, -0.2296266108751297], [-0.4910758435726166, -0.4205491244792938, -0.4463329613208771, -0.38054895401000977, -0.4159228205680847, -0.27488285303115845, -0.21011239290237427], [-0.49371087551116943, -0.4248521327972412, -0.4340623617172241, -0.3922226130962372, -0.418861448764801, -0.27388226985931396, -0.19224929809570312], [-0.49796590209007263, -0.4315358102321625, -0.42417553067207336, -0.39320358633995056, -0.424414724111557, -0.2724706828594208, -0.18179406225681305], [-0.5021446943283081, -0.4395520091056824, -0.41809743642807007, -0.3884487748146057, -0.4298429489135742, -0.2711850106716156, -0.17374281585216522]],