{"r": [[0.0, 0.0, 0.0, 0.0, 0.0, 0.0, 0.0], [0.0783044844865799, 0.056255705654621124, 0.1299189180135727, -0.10292522609233856, -0.06637164205312729, 0.10496044158935547, 0.00010041368659585714], [0.035125732421875, 0.021792791783809662, 0.06711310893297195, -0.1168970838189125, 0.0029919554945081472, 0.031159766018390656, 0.0015489307697862387], [0.016276955604553223, 0.015429186634719372, 0.036275461316108704, -0.06582093238830566, 0.0030828926246613264, 0.014708164148032665, 0.0042286766692996025], [0.010952863842248917, 0.013869533315300941, 0.025972656905651093, -0.06132020428776741, 0.0015020535793155432, 0.011818173341453075, 0.0067254421301186085], [0.009031439200043678, 0.013445735909044743, 0.01876152493059635, -0.05740116536617279, 0.000923987478017807, 0.009721973910927773, 0.008076305501163006], [0.008645549416542053, 0.013282540254294872, 0.017796944826841354, -0.03196330741047859, -2.1791127437609248e-05, 0.00955530721694231, 0.00975725520402193], [0.008041619323194027, 0.013090997003018856, 0.01694500260055065, -0.01876668818295002, -0.00037171735311858356, 0.009172906167805195, 0.01034290250390768]], "phi": [[0.0, 0.0, 0.0, 0.0, 0.0, 0.0, 0.0], [-0.19610588252544403, -0.1281912475824356, 0.18933358788490295, 0.17641833424568176, 0.1957274079322815, -0.11222565174102783, 0.01851353421807289], [-0.1442122757434845, -0.09965438395738602, 0.16692595183849335, 0.18290212750434875, 0.22563914954662323, -0.06892675906419754, 0.017161518335342407], [-0.1322651505470276, -0.09380444884300232, 0.1741655170917511, 0.22975857555866241, 0.21932850778102875, -0.056760273873806, 0.016997462138533592], [-0.12979000806808472, -0.0906774252653122, 0.17448708415031433, 0.23423698544502258, 0.21612775325775146, -0.054227326065301895, 0.01695098914206028], [-0.13339877128601074, -0.08915761113166809, 0.17323708534240723, 0.2371463030576706, 0.21520982682704926, -0.04999395087361336, 0.01677427440881729], [-0.13413949310779572, -0.08736191689968109, 0.17238062620162964, 0.2565494477748871, 0.21447855234146118, -0.04807347431778908, 0.016714677214622498], [-0.1356581300497055, -0.0846543088555336, 0.1712244749069214, 0.26831647753715515, 0.21458186209201813, -0.045066479593515396, 0.016715725883841515]], "theta": [[0.0, 0.0, 0.0, 0.0, 0.0, 0.0, 0.0], [-0.10844333469867706, -0.04973377287387848, -0.07797200977802277, -0.08221115916967392, 0.08718859404325485, -0.32949337363243103, -0.006758588366210461], [-0.16114042699337006, -0.05338156968355179, -0.052605513483285904, -0.06757670640945435, 0.057877786457538605, -0.37012726068496704, -0.006720131263136864], [-0.1728951781988144, -0.053515851497650146, -0.018662143498659134, -0.13580946624279022, 0.057459864765405655, -0.3777698278427124, -0.006648068316280842], [-0.1745443493127823, -0.052860040217638016, -0.018597273156046867, -0.13925135135650635, 0.057201433926820755, -0.37762174010276794, -0.006601682864129543], [-0.17462018132209778, -0.05241073668003082, -0.019853362813591957, -0.14218874275684357, 0.05699281394481659, -0.37602850794792175, -0.006536991335451603], [-0.1746881902217865, -0.05184213072061539, -0.02078731544315815, -0.16246715188026428, 0.056687694042921066, -0.3755890727043152, -0.006502893753349781], [-0.17487172782421112, -0.050480328500270844, -0.022976933047175407, -0.16829529404640198, 0.05650606378912926, -0.3747237026691437, -0.006491893902420998]], "s": [[0.0, 0.0, 0.0, 0.0, 0.0, 0.0, 0.0], [0.0289162527769804, 0.07448840886354446, -0.10874958336353302, 0.013593224808573723, -0.018568968400359154, 0.06939472258090973, 0.0002776541223283857], [-0.03459090366959572, 0.048565465956926346, -0.06962159276008606, 0.031006833538413048, 0.024626873433589935, 0.027069006115198135, 0.00034445084747858346], [-0.048204414546489716, 0.042206838726997375, -0.03838774189352989, -0.0025871661491692066, 0.030285706743597984, 0.024679522961378098, 0.00038854582817293704], [-0.04953243210911751, 0.03914257138967514, -0.03392430767416954, -0.0010266322642564774, 0.03393501788377762, 0.024670632556080818, 0.00031232673791237175], [-0.04592417925596237, 0.03772366791963577, -0.03138776496052742, 0.00042426204890944064, 0.03517550602555275, 0.02177596092224121, 0.00041980354581028223], [-0.045189205557107925, 0.03598107770085335, -0.030506107956171036, 0.012258450500667095, 0.036971718072891235, 0.020938029512763023, 0.0004138428485020995], [-0.04376731067895889, 0.03334163874387741, -0.029210563749074936, 0.019356854259967804, 0.03746975213289261, 0.019056132063269615, 0.0003917851427104324]], "gamma": [[0.0, 0.0, 0.0, 0.0, 0.0, 0.0, 0.0], [-0.083009272813797, -0.021517474204301834, 0.007462305016815662, -0.13860735297203064, 0.03757081180810928, -0.017980337142944336, -0.00019429725944064558], [-0.021592983976006508, -0.007791885174810886, 0.028195876628160477, -0.06963047385215759, -0.002857362851500511, 0.0007836169679649174, -0.0001615011424291879], [-0.010001189075410366, -0.0062725236639380455, 0.008824956603348255, -0.021489478647708893, -0.00185605906881392, 0.0025504122022539377, -0.00011948931205552071], [-0.008452994748950005, -0.005643827375024557, 0.005364078562706709, -0.01907465234398842, -0.0008162281010299921, 0.0027895623352378607, -5.13828890689183e-05], [-0.0073917582631111145, -0.005374352913349867, 0.003436542581766844, -0.017267920076847076, -0.00044539300142787397, 0.0025512115098536015, 3.003151505254209e-06], [-0.007188998628407717, -0.005071687512099743, 0.00318767037242651, -0.00777839869260788, 9.297803626395762e-05, 0.0024520931765437126, 5.174789475859143e-05], [-0.006832200568169355, -0.004627274349331856, 0.002957948949187994, -0.0045599970035254955, 0.0002764571981970221, 0.0022374561522156, 9.977438458008692e-05]], "kappa": [[0.0, 0.0, 0.0, 0.0, 0.0, 0.0, 0.0], [-0.015394411981105804, -0.05240161716938019, -0.02800268679857254, -0.10425445437431335, 0.03349025547504425, -0.0749996080994606, -0.004725416656583548], [0.00021387560991570354, -0.050154395401477814, -0.05898871645331383, -0.12169265002012253, -0.011190599761903286, -0.06851776689291, -0.004978316370397806], [0.01208325196057558, -0.053120288997888565, -0.0728147104382515, -0.1269000768661499, -0.011508260853588581, -0.07528428733348846, -0.004908631555736065], [0.013865351676940918, -0.053707435727119446, -0.07439115643501282, -0.12692473828792572, -0.011129025369882584, -0.07619629800319672, -0.004906494170427322], [0.013267760165035725, -0.053765714168548584, -0.07442928105592728, -0.12678425014019012, -0.0108872065320611, -0.07661938667297363, -0.004842275287955999], [0.013176308013498783, -0.053710270673036575, -0.07441229373216629, -0.1295202672481537, -0.010917525738477707, -0.07658206671476364, -0.004808017984032631], [0.012989153154194355, -0.05365263670682907, -0.07421164959669113, -0.1327299326658249, -0.011002862825989723, -0.07654082030057907, -0.00480465916916728]], "alpha_real": [[0.0, 0.0, 0.0, 0.0, 0.0, 0.0, 0.0], [0.1930255889892578, -0.03967940807342529, -0.13680537045001984, -0.2119545042514801, 0.2515839636325836, 0.12556183338165283, 0.0010197761002928019], [0.16009652614593506, -0.04089535027742386, -0.10804343968629837, -0.25155195593833923, 0.21693620085716248, 0.0757310763001442, 0.000998067669570446], [0.1477052867412567, -0.04110690578818321, -0.07620397955179214, -0.2176963984966278, 0.2113155871629715, 0.06292545795440674, 0.0010016796877607703], [0.14644642174243927, -0.041129983961582184, -0.07470081001520157, -0.21515417098999023, 0.20979376137256622, 0.0625179335474968, 0.0010108989663422108], [0.1464860439300537, -0.041123032569885254, -0.07438033074140549, -0.2130545675754547, 0.2091583013534546, 0.06221988424658775, 0.0010076023172587156], [0.1464923769235611, -0.04112477973103523, -0.07423418760299683, -0.1952505260705948, 0.2085859328508377, 0.062141068279743195, 0.001006459235213697], [0.14645381271839142, -0.04118354618549347, -0.07371339201927185, -0.1924600899219513, 0.2082613706588745, 0.06198076903820038, 0.0010055458405986428]],