{"r": [[0.0, 0.0, 0.0, 0.0, 0.0, 0.0, 0.0], [0.23844113945960999, 0.2907700538635254, 0.17008918523788452, 0.0923072025179863, -0.02970803901553154, 0.08533278107643127, 0.02287127450108528], [0.07456828653812408, 0.20973840355873108, 0.1129189059138298, 0.11036669462919235, 0.06151314452290535, 0.18143810331821442, 0.05375568941235542], [0.11780701577663422, 0.26570165157318115, 0.13925428688526154, 0.14151714742183685, 0.13782459497451782, 0.20984239876270294, 0.13498662412166595], [0.15159548819065094, 0.29103368520736694, 0.15913386642932892, 0.20549237728118896, 0.1681949943304062, 0.23196949064731598, 0.1627897173166275], [0.17691022157669067, 0.2963864207267761, 0.17554347217082977, 0.2270595282316208, 0.18345026671886444, 0.23931798338890076, 0.18859513103961945], [0.19431987404823303, 0.29842904210090637, 0.17978085577487946, 0.229597270488739, 0.18880228698253632, 0.2421412467956543, 0.20433375239372253], [0.20063965022563934, 0.2935090959072113, 0.18542948365211487, 0.23515218496322632, 0.19393955171108246, 0.2437123954296112, 0.21344181895256042], [0.20389768481254578, 0.2880229651927948, 0.18996034562587738, 0.23891648650169373, 0.2011844664812088, 0.24537010490894318, 0.220137819647789], [0.20605701208114624, 0.2826627790927887, 0.19147197902202606, 0.24218232929706573, 0.20527611672878265, 0.24623262882232666, 0.22718212008476257], [0.20825400948524475, 0.27664339542388916, 0.1927478164434433, 0.2437848448753357, 0.20854532718658447, 0.24651850759983063, 0.23314788937568665], [0.21021997928619385, 0.2713151276111603, 0.19414487481117249, 0.24514827132225037, 0.20957133173942566, 0.2471664696931839, 0.2379750907421112], [0.21181553602218628, 0.266676127910614, 0.19563598930835724, 0.24556535482406616, 0.20985771715641022, 0.2475477159023285, 0.24116916954517365], [0.21330414712429047, 0.2640216052532196, 0.19730009138584137, 0.24596796929836273, 0.21060699224472046, 0.24737891554832458, 0.24273201823234558], [0.214712992310524, 0.2631341814994812, 0.19855715334415436, 0.24628420174121857, 0.21127547323703766, 0.24771665036678314, 0.2434805929660797], [0.21767660975456238, 0.2633413076400757, 0.1997564435005188, 0.24656611680984497, 0.21150384843349457, 0.24778491258621216, 0.24404531717300415]], "phi": [[0.0, 0.0, 0.0, 0.0, 0.0, 0.0, 0.0], [-0.19748200476169586, -0.20688605308532715, 0.32057398557662964, -0.09138756990432739, 0.12377011030912399, -0.15209540724754333, -0.046828743070364], [-0.4030710458755493, -0.23684315383434296, 0.39310020208358765, -0.05661691725254059, 0.0746820941567421, -0.07539134472608566, -0.009280780330300331], [-0.5525945425033569, -0.3773229718208313, 0.4379528760910034, -0.022401412948966026, -0.030772924423217773, -0.04763729125261307, 0.11579284816980362], [-0.5944163203239441, -0.45516273379325867, 0.46123576164245605, 0.058092452585697174, -0.07075227051973343, -0.03631306439638138, 0.14795225858688354], [-0.6276190280914307, -0.48134905099868774, 0.4708820879459381, 0.08049610257148743, -0.09892861545085907, -0.037704166024923325, 0.174033984541893], [-0.6341820359230042, -0.5012842416763306, 0.4532453119754791, 0.08421538025140762, -0.12487299740314484, -0.03951064497232437, 0.1832665055990219], [-0.6121930480003357, -0.5058013796806335, 0.4433189630508423, 0.0882321372628212, -0.15107452869415283, -0.03551286458969116, 0.1654619723558426], [-0.6035841107368469, -0.5091660618782043, 0.44342729449272156, 0.08130520582199097, -0.167912095785141, -0.03473346307873726, 0.1534055918455124], [-0.602179765701294, -0.5109214186668396, 0.44339194893836975, 0.0809302031993866, -0.17753024399280548, -0.03411096706986427, 0.1449805647134781], [-0.5973629355430603, -0.5153701305389404, 0.43985825777053833, 0.08297812193632126, -0.1813913732767105, -0.030866820365190506, 0.13264386355876923], [-0.5935024619102478, -0.5173643231391907, 0.43840619921684265, 0.08355299383401871, -0.18523213267326355, -0.029774054884910583, 0.12666673958301544], [-0.589473307132721, -0.5182029008865356, 0.4396633803844452, 0.08249247074127197, -0.18475612998008728, -0.026303883641958237, 0.1241006851196289], [-0.5859211087226868, -0.5175041556358337, 0.4374336004257202, 0.0829169824719429, -0.18476800620555878, -0.02462238445878029, 0.12193102389574051], [-0.5807268023490906, -0.5125933885574341, 0.43546247482299805, 0.08085209131240845, -0.18303482234477997, -0.023559948429465294, 0.11977609246969223], [-0.5738698244094849, -0.5096914768218994, 0.4333900511264801, 0.08205577731132507, -0.1841055452823639, -0.021263398230075836, 0.11792469024658203]], "theta": [[0.0, 0.0, 0.0, 0.0, 0.0, 0.0, 0.0], [-0.2664565145969391, -0.35661303997039795, 0.2574792206287384, -0.010524888522922993, -0.19452111423015594, -0.15673750638961792, 0.028957558795809746], [-0.1266835331916809, -0.22046224772930145, 0.2062116116285324, 0.01757476106286049, -0.29116544127464294, -0.09629782289266586, 0.06565222889184952], [-0.06964029371738434, -0.1172768697142601, 0.314287006855011, 0.04648827761411667, -0.36256393790245056, -0.10105500370264053, 0.1674802452325821], [-0.09406696259975433, -0.046581484377384186, 0.3398098051548004, 0.10777394473552704, -0.3923046886920929, -0.10462220758199692, 0.1957075297832489], [-0.22570157051086426, -0.026206137612462044, 0.3411279618740082, 0.1146242767572403, -0.4044734239578247, -0.09999292343854904, 0.21676747500896454], [-0.24262724816799164, -0.013839345425367355, 0.32490867376327515, 0.1132654920220375, -0.4054892659187317, -0.09643781185150146, 0.19954483211040497], [-0.22135259211063385, -0.012713160365819931, 0.3144482970237732, 0.1091417521238327, -0.40446603298187256, -0.09364399313926697, 0.1723572313785553], [-0.214218407869339, -0.01281909178942442, 0.30939576029777527, 0.10060686618089676, -0.39757731556892395, -0.09077157825231552, 0.15095503628253937], [-0.20950491726398468, -0.012159554287791252, 0.30712535977363586, 0.09731477499008179, -0.3942815065383911, -0.0886072888970375, 0.13267607986927032], [-0.2031637579202652, -0.012090291827917099, 0.30160245299339294, 0.0965430736541748, -0.39054590463638306, -0.0846206471323967, 0.11483082920312881], [-0.19548562169075012, -0.0099310502409935, 0.29524075984954834, 0.09550213813781738, -0.39088740944862366, -0.08237386494874954, 0.10574903339147568], [-0.19035005569458008, -0.006642618682235479, 0.29221197962760925, 0.095086969435215, -0.38766562938690186, -0.0785023421049118, 0.09907648712396622], [-0.18512913584709167, -0.0020113917998969555, 0.28719788789749146, 0.09357739984989166, -0.38542789220809937, -0.07526267319917679, 0.09380593150854111], [-0.17986157536506653, 0.0028766090981662273, 0.2802370488643646, 0.09100017696619034, -0.3837229013442993, -0.07240181416273117, 0.08759249746799469], [-0.1699032485485077, 0.007406805641949177, 0.27511703968048096, 0.08937869966030121, -0.38157039880752563, -0.06895655393600464, 0.08160127699375153]],