F_dmrgMPSs,E_dmrgs,E_MPSs,SW_dmrgs,SW_MPSs
0.9771172916195551,0.15907112,0.21178766,0.99999034,0.9441549777984619
